x,V,Evac,Ec,Ev,phin,phip,n,p,ND,NA,anion,cation,ntb,nti,mun,mup,G_ehp,Gfree,Rdir,BulkSRHn,BulkSRHp,IntSRHn,IntSRHp,Jn,Jp,Jint,lid,Vext,left_L,left_eps_r,left_E_c,left_E_v,left_N_c,left_mu_n,left_mu_p,left_N_t_int,left_C_n_int,left_C_p_int,left_E_t_int,right_L,right_eps_r,right_E_c,right_E_v,right_N_c,right_mu_n,right_mu_p,right_N_t_int,right_C_n_int,right_C_p_int,right_E_t_int
0,0.6,0,-4,-5.9,-4.05,-4.05,6.99503e+25,1.24248e-05,0,0,0,0,0,0,1e-06,1e-09,0,0,0,0,0,0,0,-220.118,2.48171e-14,-220.118,1,-0.05,0,0,0,0,0,0,0,0,0,0,0,2.5e-08,5,4,5.9,5e+26,1e-06,1e-09,4e+12,2e-14,2e-14,4.7
2.48823e-08,0.253877,0.346123,-3.55388,-5.18388,-3.97105,-4.80627,1.64268e+17,7.78954e+17,0,0,3.8069e+22,1.11206e+08,1.74156e+20,0,0.0001,0.0001,1.33969e+28,1.33969e+28,1.27957e+18,6.78298e+24,6.78298e+24,3.55099e+23,4.83732e+26,-219.853,-0.265464,-220.118,2,-0.05,2.5e-08,5,4,5.9,5e+26,1e-06,1e-09,4e+12,2e-14,2e-14,4.7,5e-07,24,3.9,5.53,2.2e+24,0.0001,0.0001,1e+12,2e-14,2e-14,4.7
5.24966e-07,-0.597372,1.19737,-1.00263,-4.00263,-3.12693,-4.00001,5.1198e-11,9.01966e+25,0,1e+26,0,0,0,0,1e-09,1e-07,0,0,0.0461789,0,0,0.0191547,4.66329e+25,1.11018,-221.229,-220.118,3,-0.05,5e-07,24,3.9,5.53,2.2e+24,0.0001,0.0001,1e+12,2e-14,2e-14,4.7,4e-08,3.3,2.2,5.2,1e+26,1e-09,1e-07,5e+11,2e-14,2e-14,4.7
0,0.59,0,-4,-5.9,-4.05,-4.05,6.99503e+25,1.24248e-05,0,0,0,0,0,0,1e-06,1e-09,0,0,0,0,0,0,0,-220.004,2.83211e-14,-220.004,1,-0.03,0,0,0,0,0,0,0,0,0,0,0,2.5e-08,5,4,5.9,5e+26,1e-06,1e-09,4e+12,2e-14,2e-14,4.7
2.48823e-08,0.24718,0.34282,-3.55718,-5.18718,-3.97418,-4.8104,1.65404e+17,8.04901e+17,0,0,3.74029e+22,1.96727e+08,1.70466e+20,0,0.0001,0.0001,1.33969e+28,1.33969e+28,1.33134e+18,6.86042e+24,6.86042e+24,3.47071e+23,4.99896e+26,-219.739,-0.26513,-220.004,2,-0.03,2.5e-08,5,4,5.9,5e+26,1e-06,1e-09,4e+12,2e-14,2e-14,4.7,5e-07,24,3.9,5.53,2.2e+24,0.0001,0.0001,1e+12,2e-14,2e-14,4.7
5.24966e-07,-0.587416,1.17742,-1.02258,-4.02258,-3.14594,-4.02001,5.31441e-11,9.03551e+25,0,1e+26,0,0,0,0,1e-09,1e-07,0,0,0.0480184,0,0,0.0198828,4.8402e+25,1.11013,-221.114,-220.004,3,-0.03,5e-07,24,3.9,5.53,2.2e+24,0.0001,0.0001,1e+12,2e-14,2e-14,4.7,4e-08,3.3,2.2,5.2,1e+26,1e-09,1e-07,5e+11,2e-14,2e-14,4.7
0,0.58,0,-4,-5.9,-4.05,-4.05,6.99503e+25,1.24248e-05,0,0,0,0,0,0,1e-06,1e-09,0,0,0,0,0,0,0,-219.885,3.23073e-14,-219.885,1,-0.01,0,0,0,0,0,0,0,0,0,0,0,2.5e-08,5,4,5.9,5e+26,1e-06,1e-09,4e+12,2e-14,2e-14,4.7
2.48823e-08,0.240474,0.339526,-3.56047,-5.19047,-3.97728,-4.81455,1.66681e+17,8.32216e+17,0,0,3.67358e+22,3.71771e+08,1.66865e+20,0,0.0001,0.0001,1.33969e+28,1.33969e+28,1.38714e+18,6.94338e+24,6.94339e+24,3.38637e+23,5.16915e+26,-219.62,-0.264779,-219.885,2,-0.01,2.5e-08,5,4,5.9,5e+26,1e-06,1e-09,4e+12,2e-14,2e-14,4.7,5e-07,24,3.9,5.53,2.2e+24,0.0001,0.0001,1e+12,2e-14,2e-14,4.7
5.24966e-07,-0.577461,1.15746,-1.04254,-4.04254,-3.16493,-4.04001,5.5201e-11,9.0514e+25,0,1e+26,0,0,0,0,1e-09,1e-07,0,0,0.0499647,0,0,0.0206524,5.02718e+25,1.11008,-220.995,-219.885,3,-0.01,5e-07,24,3.9,5.53,2.2e+24,0.0001,0.0001,1e+12,2e-14,2e-14,4.7,4e-08,3.3,2.2,5.2,1e+26,1e-09,1e-07,5e+11,2e-14,2e-14,4.7
0,0.57,0,-4,-5.9,-4.05,-4.05,6.99503e+25,1.24248e-05,0,0,0,0,0,0,1e-06,1e-09,0,0,0,0,0,0,0,-219.761,3.68592e-14,-219.761,1,0.01,0,0,0,0,0,0,0,0,0,0,0,2.5e-08,5,4,5.9,5e+26,1e-06,1e-09,4e+12,2e-14,2e-14,4.7
2.48823e-08,0.233759,0.336241,-3.56376,-5.19376,-3.98035,-4.8187,1.68116e+17,8.60993e+17,0,0,3.60678e+22,7.02552e+08,1.63361e+20,0,0.0001,0.0001,1.33969e+28,1.33969e+28,1.44747e+18,7.03264e+24,7.03264e+24,3.29876e+23,5.3485e+26,-219.496,-0.264408,-219.761,2,0.01,2.5e-08,5,4,5.9,5e+26,1e-06,1e-09,4e+12,2e-14,2e-14,4.7,5e-07,24,3.9,5.53,2.2e+24,0.0001,0.0001,1e+12,2e-14,2e-14,4.7
5.24966e-07,-0.567506,1.13751,-1.06249,-4.06249,-3.1839,-4.06001,5.73774e-11,9.06732e+25,0,1e+26,0,0,0,0,1e-09,1e-07,0,0,0.0520259,0,0,0.0214666,5.22501e+25,1.11002,-220.871,-219.761,3,0.01,5e-07,24,3.9,5.53,2.2e+24,0.0001,0.0001,1e+12,2e-14,2e-14,4.7,4e-08,3.3,2.2,5.2,1e+26,1e-09,1e-07,5e+11,2e-14,2e-14,4.7
0,0.56,0,-4,-5.9,-4.05,-4.05,6.99503e+25,1.24248e-05,0,0,0,0,0,0,1e-06,1e-09,0,0,0,0,0,0,0,-219.63,4.20223e-14,-219.63,1,0.03,0,0,0,0,0,0,0,0,0,0,0,2.5e-08,5,4,5.9,5e+26,1e-06,1e-09,4e+12,2e-14,2e-14,4.7
2.48823e-08,0.227034,0.332966,-3.56703,-5.19703,-3.98338,-4.82285,1.69731e+17,8.91346e+17,0,0,3.53989e+22,1.3276e+09,1.59961e+20,0,0.0001,0.0001,1.33969e+28,1.33969e+28,1.51289e+18,7.12904e+24,7.12905e+24,3.20872e+23,5.53769e+26,-219.366,-0.264017,-219.63,2,0.03,2.5e-08,5,4,5.9,5e+26,1e-06,1e-09,4e+12,2e-14,2e-14,4.7,5e-07,24,3.9,5.53,2.2e+24,0.0001,0.0001,1e+12,2e-14,2e-14,4.7
5.24966e-07,-0.55755,1.11755,-1.08245,-4.08245,-3.20285,-4.08001,5.96826e-11,9.08327e+25,0,1e+26,0,0,0,0,1e-09,1e-07,0,0,0.0542113,0,0,0.022329,5.43454e+25,1.10997,-220.74,-219.63,3,0.03,5e-07,24,3.9,5.53,2.2e+24,0.0001,0.0001,1e+12,2e-14,2e-14,4.7,4e-08,3.3,2.2,5.2,1e+26,1e-09,1e-07,5e+11,2e-14,2e-14,4.7
0,0.55,0,-4,-5.9,-4.05,-4.05,6.99503e+25,1.24248e-05,0,0,0,0,0,0,1e-06,1e-09,0,0,0,0,0,0,0,-219.494,4.78417e-14,-219.494,1,0.05,0,0,0,0,0,0,0,0,0,0,0,2.5e-08,5,4,5.9,5e+26,1e-06,1e-09,4e+12,2e-14,2e-14,4.7
2.48823e-08,0.2203,0.3297,-3.5703,-5.2003,-3.98637,-4.82702,1.71549e+17,9.23394e+17,0,0,3.47291e+22,2.50866e+09,1.56674e+20,0,0.0001,0.0001,1.33969e+28,1.33969e+28,1.58407e+18,7.23358e+24,7.23359e+24,3.11714e+23,5.73747e+26,-219.231,-0.263604,-219.494,2,0.05,2.5e-08,5,4,5.9,5e+26,1e-06,1e-09,4e+12,2e-14,2e-14,4.7,5e-07,24,3.9,5.53,2.2e+24,0.0001,0.0001,1e+12,2e-14,2e-14,4.7
5.24966e-07,-0.547595,1.09759,-1.10241,-4.10241,-3.22179,-4.10001,6.21263e-11,9.09926e+25,0,1e+26,0,0,0,0,1e-09,1e-07,0,0,0.0565303,0,0,0.0232433,5.65665e+25,1.10991,-220.604,-219.494,3,0.05,5e-07,24,3.9,5.53,2.2e+24,0.0001,0.0001,1e+12,2e-14,2e-14,4.7,4e-08,3.3,2.2,5.2,1e+26,1e-09,1e-07,5e+11,2e-14,2e-14,4.7
0,0.54,0,-4,-5.9,-4.05,-4.05,6.99503e+25,1.24248e-05,0,0,0,0,0,0,1e-06,1e-09,0,0,0,0,0,0,0,-219.352,5.45092e-14,-219.352,1,0.07,0,0,0,0,0,0,0,0,0,0,0,2.5e-08,5,4,5.9,5e+26,1e-06,1e-09,4e+12,2e-14,2e-14,4.7
2.48823e-08,0.213555,0.326445,-3.57356,-5.20356,-3.98933,-4.83119,1.73594e+17,9.57269e+17,0,0,3.40581e+22,4.74016e+09,1.53506e+20,0,0.0001,0.0001,1.33969e+28,1.33969e+28,1.66176e+18,7.34732e+24,7.34733e+24,3.02502e+23,5.94867e+26,-219.089,-0.263167,-219.352,2,0.07,2.5e-08,5,4,5.9,5e+26,1e-06,1e-09,4e+12,2e-14,2e-14,4.7,5e-07,24,3.9,5.53,2.2e+24,0.0001,0.0001,1e+12,2e-14,2e-14,4.7
5.24966e-07,-0.53764,1.07764,-1.12236,-4.12236,-3.2407,-4.12001,6.47209e-11,9.11525e+25,0,1e+26,0,0,0,0,1e-09,1e-07,0,0,0.0589948,0,0,0.024214,5.89248e+25,1.10985,-220.462,-219.352,3,0.07,5e-07,24,3.9,5.53,2.2e+24,0.0001,0.0001,1e+12,2e-14,2e-14,4.7,4e-08,3.3,2.2,5.2,1e+26,1e-09,1e-07,5e+11,2e-14,2e-14,4.7
0,0.53,0,-4,-5.9,-4.05,-4.05,6.99503e+25,1.24248e-05,0,0,0,0,0,0,1e-06,1e-09,0,0,0,0,0,0,0,-219.202,6.20837e-14,-219.202,1,0.09,0,0,0,0,0,0,0,0,0,0,0,2.5e-08,5,4,5.9,5e+26,1e-06,1e-09,4e+12,2e-14,2e-14,4.7
2.48823e-08,0.206801,0.323199,-3.5768,-5.2068,-3.99224,-4.83537,1.75897e+17,9.9312e+17,0,0,3.33861e+22,8.95618e+09,1.50466e+20,0,0.0001,0.0001,1.33969e+28,1.33969e+28,1.74687e+18,7.47152e+24,7.47153e+24,2.93324e+23,6.1722e+26,-218.94,-0.262704,-219.202,2,0.09,2.5e-08,5,4,5.9,5e+26,1e-06,1e-09,4e+12,2e-14,2e-14,4.7,5e-07,24,3.9,5.53,2.2e+24,0.0001,0.0001,1e+12,2e-14,2e-14,4.7
5.24966e-07,-0.527685,1.05768,-1.14232,-4.14232,-3.2596,-4.14001,6.74786e-11,9.13131e+25,0,1e+26,0,0,0,0,1e-09,1e-07,0,0,0.0616168,0,0,0.0252458,6.14311e+25,1.10979,-220.312,-219.202,3,0.09,5e-07,24,3.9,5.53,2.2e+24,0.0001,0.0001,1e+12,2e-14,2e-14,4.7,4e-08,3.3,2.2,5.2,1e+26,1e-09,1e-07,5e+11,2e-14,2e-14,4.7
0,0.52,0,-4,-5.9,-4.05,-4.05,6.99503e+25,1.24248e-05,0,0,0,0,0,0,1e-06,1e-09,0,0,0,0,0,0,0,-219.045,7.07123e-14,-219.045,1,0.11,0,0,0,0,0,0,0,0,0,0,0,2.5e-08,5,4,5.9,5e+26,1e-06,1e-09,4e+12,2e-14,2e-14,4.7
2.48823e-08,0.200036,0.319964,-3.58004,-5.21004,-3.9951,-4.83956,1.78489e+17,1.0311e+18,0,0,3.27133e+22,1.69207e+10,1.47562e+20,0,0.0001,0.0001,1.33969e+28,1.33969e+28,1.8404e+18,7.60756e+24,7.60756e+24,2.84269e+23,6.40901e+26,-218.783,-0.262214,-219.045,2,0.11,2.5e-08,5,4,5.9,5e+26,1e-06,1e-09,4e+12,2e-14,2e-14,4.7,5e-07,24,3.9,5.53,2.2e+24,0.0001,0.0001,1e+12,2e-14,2e-14,4.7
5.24966e-07,-0.517729,1.03773,-1.16227,-4.16227,-3.27847,-4.16001,7.04132e-11,9.14742e+25,0,1e+26,0,0,0,0,1e-09,1e-07,0,0,0.0644098,0,0,0.0263437,6.40981e+25,1.10973,-220.155,-219.045,3,0.11,5e-07,24,3.9,5.53,2.2e+24,0.0001,0.0001,1e+12,2e-14,2e-14,4.7,4e-08,3.3,2.2,5.2,1e+26,1e-09,1e-07,5e+11,2e-14,2e-14,4.7
0,0.51,0,-4,-5.9,-4.05,-4.05,6.99503e+25,1.24248e-05,0,0,0,0,0,0,1e-06,1e-09,0,0,0,0,0,0,0,-218.881,8.04762e-14,-218.881,1,0.13,0,0,0,0,0,0,0,0,0,0,0,2.5e-08,5,4,5.9,5e+26,1e-06,1e-09,4e+12,2e-14,2e-14,4.7
2.48823e-08,0.19326,0.31674,-3.58326,-5.21326,-3.99791,-4.84376,1.81408e+17,1.0714e+18,0,0,3.20389e+22,3.19657e+10,1.44801e+20,0,0.0001,0.0001,1.33969e+28,1.33969e+28,1.94361e+18,7.75701e+24,7.75701e+24,2.75429e+23,6.66032e+26,-218.619,-0.261694,-218.881,2,0.13,2.5e-08,5,4,5.9,5e+26,1e-06,1e-09,4e+12,2e-14,2e-14,4.7,5e-07,24,3.9,5.53,2.2e+24,0.0001,0.0001,1e+12,2e-14,2e-14,4.7
5.24966e-07,-0.507774,1.01777,-1.18223,-4.18223,-3.29732,-4.18001,7.354e-11,9.16356e+25,0,1e+26,0,0,0,0,1e-09,1e-07,0,0,0.0673888,0,0,0.0275135,6.69397e+25,1.10967,-219.99,-218.881,3,0.13,5e-07,24,3.9,5.53,2.2e+24,0.0001,0.0001,1e+12,2e-14,2e-14,4.7,4e-08,3.3,2.2,5.2,1e+26,1e-09,1e-07,5e+11,2e-14,2e-14,4.7
0,0.5,0,-4,-5.9,-4.05,-4.05,6.99503e+25,1.24248e-05,0,0,0,0,0,0,1e-06,1e-09,0,0,0,0,0,0,0,-218.707,9.15513e-14,-218.707,1,0.15,0,0,0,0,0,0,0,0,0,0,0,2.5e-08,5,4,5.9,5e+26,1e-06,1e-09,4e+12,2e-14,2e-14,4.7
2.48823e-08,0.186473,0.313527,-3.58647,-5.21647,-4.00067,-4.84796,1.84695e+17,1.11422e+18,0,0,3.13632e+22,6.03823e+10,1.42191e+20,0,0.0001,0.0001,1.33969e+28,1.33969e+28,2.05791e+18,7.92163e+24,7.92163e+24,2.66885e+23,6.92732e+26,-218.446,-0.261142,-218.707,2,0.15,2.5e-08,5,4,5.9,5e+26,1e-06,1e-09,4e+12,2e-14,2e-14,4.7,5e-07,24,3.9,5.53,2.2e+24,0.0001,0.0001,1e+12,2e-14,2e-14,4.7
5.24966e-07,-0.497819,0.997819,-1.20218,-4.20218,-3.31615,-4.20001,7.68763e-11,9.17974e+25,0,1e+26,0,0,0,0,1e-09,1e-07,0,0,0.0705705,0,0,0.0287617,6.99715e+25,1.10961,-219.817,-218.707,3,0.15,5e-07,24,3.9,5.53,2.2e+24,0.0001,0.0001,1e+12,2e-14,2e-14,4.7,4e-08,3.3,2.2,5.2,1e+26,1e-09,1e-07,5e+11,2e-14,2e-14,4.7
0,0.49,0,-4,-5.9,-4.05,-4.05,6.99503e+25,1.24248e-05,0,0,0,0,0,0,1e-06,1e-09,0,0,0,0,0,0,0,-218.524,1.04107e-13,-218.524,1,0.17,0,0,0,0,0,0,0,0,0,0,0,2.5e-08,5,4,5.9,5e+26,1e-06,1e-09,4e+12,2e-14,2e-14,4.7
2.48823e-08,0.179675,0.310325,-3.58967,-5.21967,-4.00337,-4.85219,1.88394e+17,1.15978e+18,0,0,3.06862e+22,1.14047e+11,1.3974e+20,0,0.0001,0.0001,1.33969e+28,1.33969e+28,2.18495e+18,8.10339e+24,8.1034e+24,2.58712e+23,7.21139e+26,-218.264,-0.260554,-218.524,2,0.17,2.5e-08,5,4,5.9,5e+26,1e-06,1e-09,4e+12,2e-14,2e-14,4.7,5e-07,24,3.9,5.53,2.2e+24,0.0001,0.0001,1e+12,2e-14,2e-14,4.7
5.24966e-07,-0.487864,0.977864,-1.22214,-4.22214,-3.33495,-4.22001,8.04406e-11,9.19597e+25,0,1e+26,0,0,0,0,1e-09,1e-07,0,0,0.0739729,0,0,0.0300952,7.32104e+25,1.10954,-219.634,-218.524,3,0.17,5e-07,24,3.9,5.53,2.2e+24,0.0001,0.0001,1e+12,2e-14,2e-14,4.7,4e-08,3.3,2.2,5.2,1e+26,1e-09,1e-07,5e+11,2e-14,2e-14,4.7
0,0.48,0,-4,-5.9,-4.05,-4.05,6.99503e+25,1.24248e-05,0,0,0,0,0,0,1e-06,1e-09,0,0,0,0,0,0,0,-218.331,1.18332e-13,-218.331,1,0.19,0,0,0,0,0,0,0,0,0,0,0,2.5e-08,5,4,5.9,5e+26,1e-06,1e-09,4e+12,2e-14,2e-14,4.7
2.48823e-08,0.172865,0.307135,-3.59287,-5.22287,-4.006,-4.85642,1.92558e+17,1.20832e+18,0,0,3.00077e+22,2.1538e+11,1.37455e+20,0,0.0001,0.0001,1.33969e+28,1.33969e+28,2.32672e+18,8.3045e+24,8.3045e+24,2.5098e+23,7.51406e+26,-218.071,-0.259927,-218.331,2,0.19,2.5e-08,5,4,5.9,5e+26,1e-06,1e-09,4e+12,2e-14,2e-14,4.7,5e-07,24,3.9,5.53,2.2e+24,0.0001,0.0001,1e+12,2e-14,2e-14,4.7
5.24966e-07,-0.477909,0.957909,-1.24209,-4.24209,-3.35373,-4.24001,8.42557e-11,9.21224e+25,0,1e+26,0,0,0,0,1e-09,1e-07,0,0,0.0776184,0,0,0.0315226,7.66771e+25,1.10947,-219.441,-218.331,3,0.19,5e-07,24,3.9,5.53,2.2e+24,0.0001,0.0001,1e+12,2e-14,2e-14,4.7,4e-08,3.3,2.2,5.2,1e+26,1e-09,1e-07,5e+11,2e-14,2e-14,4.7
0,0.47,0,-4,-5.9,-4.05,-4.05,6.99503e+25,1.24248e-05,0,0,0,0,0,0,1e-06,1e-09,0,0,0,0,0,0,0,-218.128,1.34504e-13,-218.128,1,0.21,0,0,0,0,0,0,0,0,0,0,0,2.5e-08,5,4,5.9,5e+26,1e-06,1e-09,4e+12,2e-14,2e-14,4.7
2.48823e-08,0.166043,0.303957,-3.59604,-5.22604,-4.00857,-4.86066,1.97244e+17,1.26011e+18,0,0,2.9328e+22,4.06684e+11,1.35344e+20,0,0.0001,0.0001,1.33969e+28,1.33969e+28,2.4855e+18,8.52742e+24,8.52743e+24,2.4375e+23,7.83699e+26,-217.868,-0.259258,-218.128,2,0.21,2.5e-08,5,4,5.9,5e+26,1e-06,1e-09,4e+12,2e-14,2e-14,4.7,5e-07,24,3.9,5.53,2.2e+24,0.0001,0.0001,1e+12,2e-14,2e-14,4.7
5.24966e-07,-0.467954,0.937954,-1.26205,-4.26205,-3.37248,-4.26001,8.8345e-11,9.22856e+25,0,1e+26,0,0,0,0,1e-09,1e-07,0,0,0.0815297,0,0,0.0330525,8.03928e+25,1.1094,-219.237,-218.128,3,0.21,5e-07,24,3.9,5.53,2.2e+24,0.0001,0.0001,1e+12,2e-14,2e-14,4.7,4e-08,3.3,2.2,5.2,1e+26,1e-09,1e-07,5e+11,2e-14,2e-14,4.7
0,0.46,0,-4,-5.9,-4.05,-4.05,6.99503e+25,1.24248e-05,0,0,0,0,0,0,1e-06,1e-09,0,0,0,0,0,0,0,-217.912,1.52739e-13,-217.912,1,0.23,0,0,0,0,0,0,0,0,0,0,0,2.5e-08,5,4,5.9,5e+26,1e-06,1e-09,4e+12,2e-14,2e-14,4.7
2.48823e-08,0.15921,0.30079,-3.59921,-5.22921,-4.01106,-4.86492,2.02516e+17,1.31549e+18,0,0,2.86464e+22,7.67776e+11,1.33409e+20,0,0.0001,0.0001,1.33969e+28,1.33969e+28,2.66408e+18,8.77494e+24,8.77494e+24,2.37081e+23,8.18226e+26,-217.653,-0.258543,-217.912,2,0.23,2.5e-08,5,4,5.9,5e+26,1e-06,1e-09,4e+12,2e-14,2e-14,4.7,5e-07,24,3.9,5.53,2.2e+24,0.0001,0.0001,1e+12,2e-14,2e-14,4.7
5.24966e-07,-0.457999,0.917999,-1.282,-4.282,-3.3912,-4.28001,9.2735e-11,9.24492e+25,0,1e+26,0,0,0,0,1e-09,1e-07,0,0,0.0857328,0,0,0.0346949,8.43815e+25,1.10933,-219.021,-217.912,3,0.23,5e-07,24,3.9,5.53,2.2e+24,0.0001,0.0001,1e+12,2e-14,2e-14,4.7,4e-08,3.3,2.2,5.2,1e+26,1e-09,1e-07,5e+11,2e-14,2e-14,4.7
0,0.45,0,-4,-5.9,-4.05,-4.05,6.99503e+25,1.24248e-05,0,0,0,0,0,0,1e-06,1e-09,0,0,0,0,0,0,0,-217.684,1.73361e-13,-217.684,1,0.25,0,0,0,0,0,0,0,0,0,0,0,2.5e-08,5,4,5.9,5e+26,1e-06,1e-09,4e+12,2e-14,2e-14,4.7
2.48823e-08,0.152364,0.297636,-3.60236,-5.23236,-4.01348,-4.8692,2.08446e+17,1.3748e+18,0,0,2.79631e+22,1.44919e+12,1.31658e+20,0,0.0001,0.0001,1.33969e+28,1.33969e+28,2.86571e+18,9.05012e+24,9.05013e+24,2.31022e+23,8.55198e+26,-217.426,-0.257776,-217.684,2,0.25,2.5e-08,5,4,5.9,5e+26,1e-06,1e-09,4e+12,2e-14,2e-14,4.7,5e-07,24,3.9,5.53,2.2e+24,0.0001,0.0001,1e+12,2e-14,2e-14,4.7
5.24966e-07,-0.448044,0.898044,-1.30196,-4.30196,-3.40989,-4.30001,9.7458e-11,9.26134e+25,0,1e+26,0,0,0,0,1e-09,1e-07,0,0,0.0902592,0,0,0.036462,8.86727e+25,1.10925,-218.793,-217.684,3,0.25,5e-07,24,3.9,5.53,2.2e+24,0.0001,0.0001,1e+12,2e-14,2e-14,4.7,4e-08,3.3,2.2,5.2,1e+26,1e-09,1e-07,5e+11,2e-14,2e-14,4.7
0,0.44,0,-4,-5.9,-4.05,-4.05,6.99503e+25,1.24248e-05,0,0,0,0,0,0,1e-06,1e-09,0,0,0,0,0,0,0,-217.441,1.96664e-13,-217.441,1,0.27,0,0,0,0,0,0,0,0,0,0,0,2.5e-08,5,4,5.9,5e+26,1e-06,1e-09,4e+12,2e-14,2e-14,4.7
2.48823e-08,0.145505,0.294495,-3.60551,-5.23551,-4.01583,-4.87349,2.15113e+17,1.43842e+18,0,0,2.72779e+22,2.73473e+12,1.30093e+20,0,0.0001,0.0001,1.33969e+28,1.33969e+28,3.09423e+18,9.35642e+24,9.35643e+24,2.25615e+23,8.94863e+26,-217.184,-0.256954,-217.441,2,0.27,2.5e-08,5,4,5.9,5e+26,1e-06,1e-09,4e+12,2e-14,2e-14,4.7,5e-07,24,3.9,5.53,2.2e+24,0.0001,0.0001,1e+12,2e-14,2e-14,4.7
5.24966e-07,-0.438089,0.878089,-1.32191,-4.32191,-3.42855,-4.32001,1.02548e-10,9.27781e+25,0,1e+26,0,0,0,0,1e-09,1e-07,0,0,0.0951422,0,0,0.0383663,9.32971e+25,1.10918,-218.55,-217.441,3,0.27,5e-07,24,3.9,5.53,2.2e+24,0.0001,0.0001,1e+12,2e-14,2e-14,4.7,4e-08,3.3,2.2,5.2,1e+26,1e-09,1e-07,5e+11,2e-14,2e-14,4.7
0,0.43,0,-4,-5.9,-4.05,-4.05,6.99503e+25,1.24248e-05,0,0,0,0,0,0,1e-06,1e-09,0,0,0,0,0,0,0,-217.183,2.23099e-13,-217.183,1,0.29,0,0,0,0,0,0,0,0,0,0,0,2.5e-08,5,4,5.9,5e+26,1e-06,1e-09,4e+12,2e-14,2e-14,4.7
2.48823e-08,0.138634,0.291366,-3.60863,-5.23863,-4.01808,-4.8778,2.22607e+17,1.50681e+18,0,0,2.65911e+22,5.15917e+12,1.28718e+20,0,0.0001,0.0001,1.33969e+28,1.33969e+28,3.35426e+18,9.69767e+24,9.69768e+24,2.20899e+23,9.37493e+26,-216.927,-0.25607,-217.183,2,0.29,2.5e-08,5,4,5.9,5e+26,1e-06,1e-09,4e+12,2e-14,2e-14,4.7,5e-07,24,3.9,5.53,2.2e+24,0.0001,0.0001,1e+12,2e-14,2e-14,4.7
5.24966e-07,-0.428134,0.858134,-1.34187,-4.34187,-3.44718,-4.34001,1.08044e-10,9.29433e+25,0,1e+26,0,0,0,0,1e-09,1e-07,0,0,0.10042,0,0,0.0404226,9.82903e+25,1.1091,-218.292,-217.183,3,0.29,5e-07,24,3.9,5.53,2.2e+24,0.0001,0.0001,1e+12,2e-14,2e-14,4.7,4e-08,3.3,2.2,5.2,1e+26,1e-09,1e-07,5e+11,2e-14,2e-14,4.7
0,0.42,0,-4,-5.9,-4.05,-4.05,6.99503e+25,1.24248e-05,0,0,0,0,0,0,1e-06,1e-09,0,0,0,0,0,0,0,-216.908,2.52372e-13,-216.908,1,0.31,0,0,0,0,0,0,0,0,0,0,0,2.5e-08,5,4,5.9,5e+26,1e-06,1e-09,4e+12,2e-14,2e-14,4.7
2.48823e-08,0.131749,0.288251,-3.61175,-5.24175,-4.02026,-4.88213,2.31028e+17,1.5805e+18,0,0,2.59018e+22,9.73004e+12,1.27532e+20,0,0.0001,0.0001,1.33969e+28,1.33969e+28,3.65139e+18,1.00782e+25,1.00782e+25,2.16912e+23,9.83424e+26,-216.653,-0.255118,-216.908,2,0.31,2.5e-08,5,4,5.9,5e+26,1e-06,1e-09,4e+12,2e-14,2e-14,4.7,5e-07,24,3.9,5.53,2.2e+24,0.0001,0.0001,1e+12,2e-14,2e-14,4.7
5.24966e-07,-0.41818,0.83818,-1.36182,-4.36182,-3.46577,-4.36001,1.13994e-10,9.31091e+25,0,1e+26,0,0,0,0,1e-09,1e-07,0,0,0.106139,0,0,0.0426485,1.03695e+26,1.10902,-218.017,-216.908,3,0.31,5e-07,24,3.9,5.53,2.2e+24,0.0001,0.0001,1e+12,2e-14,2e-14,4.7,4e-08,3.3,2.2,5.2,1e+26,1e-09,1e-07,5e+11,2e-14,2e-14,4.7
0,0.41,0,-4,-5.9,-4.05,-4.05,6.99503e+25,1.24248e-05,0,0,0,0,0,0,1e-06,1e-09,0,0,0,0,0,0,0,-216.615,2.85837e-13,-216.615,1,0.33,0,0,0,0,0,0,0,0,0,0,0,2.5e-08,5,4,5.9,5e+26,1e-06,1e-09,4e+12,2e-14,2e-14,4.7
2.48823e-08,0.124852,0.285148,-3.61485,-5.24485,-4.02234,-4.88648,2.40484e+17,1.66006e+18,0,0,2.52103e+22,1.83439e+13,1.26534e+20,0,0.0001,0.0001,1.33969e+28,1.33969e+28,3.99218e+18,1.05027e+25,1.05027e+25,2.13692e+23,1.03301e+27,-216.361,-0.254089,-216.615,2,0.33,2.5e-08,5,4,5.9,5e+26,1e-06,1e-09,4e+12,2e-14,2e-14,4.7,5e-07,24,3.9,5.53,2.2e+24,0.0001,0.0001,1e+12,2e-14,2e-14,4.7
5.24966e-07,-0.408225,0.818225,-1.38177,-4.38177,-3.48433,-4.38001,1.20448e-10,9.32756e+25,0,1e+26,0,0,0,0,1e-09,1e-07,0,0,0.112348,0,0,0.045063,1.09558e+26,1.10893,-217.724,-216.615,3,0.33,5e-07,24,3.9,5.53,2.2e+24,0.0001,0.0001,1e+12,2e-14,2e-14,4.7,4e-08,3.3,2.2,5.2,1e+26,1e-09,1e-07,5e+11,2e-14,2e-14,4.7
0,0.4,0,-4,-5.9,-4.05,-4.05,6.99503e+25,1.24248e-05,0,0,0,0,0,0,1e-06,1e-09,0,0,0,0,0,0,0,-216.301,3.23724e-13,-216.301,1,0.35,0,0,0,0,0,0,0,0,0,0,0,2.5e-08,5,4,5.9,5e+26,1e-06,1e-09,4e+12,2e-14,2e-14,4.7
2.48823e-08,0.117941,0.282059,-3.61794,-5.24794,-4.02433,-4.89085,2.511e+17,1.74616e+18,0,0,2.45166e+22,3.45686e+13,1.25722e+20,0,0.0001,0.0001,1.33969e+28,1.33969e+28,4.38461e+18,1.09765e+25,1.09766e+25,2.11269e+23,1.08667e+27,-216.048,-0.252975,-216.301,2,0.35,2.5e-08,5,4,5.9,5e+26,1e-06,1e-09,4e+12,2e-14,2e-14,4.7,5e-07,24,3.9,5.53,2.2e+24,0.0001,0.0001,1e+12,2e-14,2e-14,4.7
5.24966e-07,-0.398271,0.798271,-1.40173,-4.40173,-3.50284,-4.40001,1.27467e-10,9.34427e+25,0,1e+26,0,0,0,0,1e-09,1e-07,0,0,0.119109,0,0,0.0476892,1.15934e+26,1.10884,-217.41,-216.301,3,0.35,5e-07,24,3.9,5.53,2.2e+24,0.0001,0.0001,1e+12,2e-14,2e-14,4.7,4e-08,3.3,2.2,5.2,1e+26,1e-09,1e-07,5e+11,2e-14,2e-14,4.7
0,0.39,0,-4,-5.9,-4.05,-4.05,6.99503e+25,1.24248e-05,0,0,0,0,0,0,1e-06,1e-09,0,0,0,0,0,0,0,-215.965,3.66171e-13,-215.965,1,0.37,0,0,0,0,0,0,0,0,0,0,0,2.5e-08,5,4,5.9,5e+26,1e-06,1e-09,4e+12,2e-14,2e-14,4.7
2.48823e-08,0.111017,0.278983,-3.62102,-5.25102,-4.02623,-4.89525,2.63012e+17,1.83961e+18,0,0,2.38199e+22,6.51131e+13,1.25088e+20,0,0.0001,0.0001,1.33969e+28,1.33969e+28,4.83839e+18,1.15056e+25,1.15056e+25,2.09683e+23,1.14491e+27,-215.713,-0.251766,-215.965,2,0.37,2.5e-08,5,4,5.9,5e+26,1e-06,1e-09,4e+12,2e-14,2e-14,4.7,5e-07,24,3.9,5.53,2.2e+24,0.0001,0.0001,1e+12,2e-14,2e-14,4.7
5.24966e-07,-0.388316,0.778316,-1.42168,-4.42168,-3.52131,-4.42001,1.35123e-10,9.36105e+25,0,1e+26,0,0,0,0,1e-09,1e-07,0,0,0.126489,0,0,0.0505536,1.22889e+26,1.10875,-217.073,-215.964,3,0.37,5e-07,24,3.9,5.53,2.2e+24,0.0001,0.0001,1e+12,2e-14,2e-14,4.7,4e-08,3.3,2.2,5.2,1e+26,1e-09,1e-07,5e+11,2e-14,2e-14,4.7
0,0.38,0,-4,-5.9,-4.05,-4.05,6.99503e+25,1.24248e-05,0,0,0,0,0,0,1e-06,1e-09,0,0,0,0,0,0,0,-215.603,4.14147e-13,-215.603,1,0.39,0,0,0,0,0,0,0,0,0,0,0,2.5e-08,5,4,5.9,5e+26,1e-06,1e-09,4e+12,2e-14,2e-14,4.7
2.48823e-08,0.104079,0.275921,-3.62408,-5.25408,-4.02803,-4.89969,2.76374e+17,1.94128e+18,0,0,2.31206e+22,1.22577e+14,1.24624e+20,0,0.0001,0.0001,1.33969e+28,1.33969e+28,5.3652e+18,1.20966e+25,1.20966e+25,2.08969e+23,1.20827e+27,-215.352,-0.250451,-215.603,2,0.39,2.5e-08,5,4,5.9,5e+26,1e-06,1e-09,4e+12,2e-14,2e-14,4.7,5e-07,24,3.9,5.53,2.2e+24,0.0001,0.0001,1e+12,2e-14,2e-14,4.7
5.24966e-07,-0.378362,0.758362,-1.44164,-4.44164,-3.53974,-4.44001,1.43499e-10,9.3779e+25,0,1e+26,0,0,0,0,1e-09,1e-07,0,0,0.134572,0,0,0.0536871,1.30496e+26,1.10866,-216.712,-215.603,3,0.39,5e-07,24,3.9,5.53,2.2e+24,0.0001,0.0001,1e+12,2e-14,2e-14,4.7,4e-08,3.3,2.2,5.2,1e+26,1e-09,1e-07,5e+11,2e-14,2e-14,4.7
0,0.37,0,-4,-5.9,-4.05,-4.05,6.99503e+25,1.24248e-05,0,0,0,0,0,0,1e-06,1e-09,0,0,0,0,0,0,0,-215.213,4.68063e-13,-215.213,1,0.41,0,0,0,0,0,0,0,0,0,0,0,2.5e-08,5,4,5.9,5e+26,1e-06,1e-09,4e+12,2e-14,2e-14,4.7
2.48823e-08,0.0971286,0.272871,-3.62713,-5.25713,-4.02974,-4.90415,2.91356e+17,2.05225e+18,0,0,2.24181e+22,2.30604e+14,1.24319e+20,0,0.0001,0.0001,1.33969e+28,1.33969e+28,5.97938e+18,1.27568e+25,1.27568e+25,2.09176e+23,1.27742e+27,-214.964,-0.249015,-215.213,2,0.41,2.5e-08,5,4,5.9,5e+26,1e-06,1e-09,4e+12,2e-14,2e-14,4.7,5e-07,24,3.9,5.53,2.2e+24,0.0001,0.0001,1e+12,2e-14,2e-14,4.7
5.24966e-07,-0.368408,0.738408,-1.46159,-4.46159,-3.55812,-4.46001,1.5269e-10,9.39483e+25,0,1e+26,0,0,0,0,1e-09,1e-07,0,0,0.14345,0,0,0.0571259,1.38844e+26,1.10857,-216.322,-215.213,3,0.41,5e-07,24,3.9,5.53,2.2e+24,0.0001,0.0001,1e+12,2e-14,2e-14,4.7,4e-08,3.3,2.2,5.2,1e+26,1e-09,1e-07,5e+11,2e-14,2e-14,4.7
0,0.36,0,-4,-5.9,-4.05,-4.05,6.99503e+25,1.24248e-05,0,0,0,0,0,0,1e-06,1e-09,0,0,0,0,0,0,0,-214.792,5.28571e-13,-214.792,1,0.43,0,0,0,0,0,0,0,0,0,0,0,2.5e-08,5,4,5.9,5e+26,1e-06,1e-09,4e+12,2e-14,2e-14,4.7
2.48823e-08,0.0901648,0.269835,-3.63016,-5.26016,-4.03135,-4.90865,3.08148e+17,2.17377e+18,0,0,2.17122e+22,4.33196e+14,1.24157e+20,0,0.0001,0.0001,1.33969e+28,1.33969e+28,6.69842e+18,1.34945e+25,1.34945e+25,2.10356e+23,1.35313e+27,-214.545,-0.247442,-214.792,2,0.43,2.5e-08,5,4,5.9,5e+26,1e-06,1e-09,4e+12,2e-14,2e-14,4.7,5e-07,24,3.9,5.53,2.2e+24,0.0001,0.0001,1e+12,2e-14,2e-14,4.7
5.24966e-07,-0.358454,0.718454,-1.48155,-4.48155,-3.57644,-4.48001,1.6281e-10,9.41185e+25,0,1e+26,0,0,0,0,1e-09,1e-07,0,0,0.153234,0,0,0.060912,1.48035e+26,1.10847,-215.901,-214.792,3,0.43,5e-07,24,3.9,5.53,2.2e+24,0.0001,0.0001,1e+12,2e-14,2e-14,4.7,4e-08,3.3,2.2,5.2,1e+26,1e-09,1e-07,5e+11,2e-14,2e-14,4.7
0,0.35,0,-4,-5.9,-4.05,-4.05,6.99503e+25,1.24248e-05,0,0,0,0,0,0,1e-06,1e-09,0,0,0,0,0,0,0,-214.337,5.9535e-13,-214.337,1,0.45,0,0,0,0,0,0,0,0,0,0,0,2.5e-08,5,4,5.9,5e+26,1e-06,1e-09,4e+12,2e-14,2e-14,4.7
2.48823e-08,0.0831884,0.266812,-3.63319,-5.26319,-4.03286,-4.91319,3.26967e+17,2.30729e+18,0,0,2.10026e+22,8.12543e+14,1.24121e+20,0,0.0001,0.0001,1.33969e+28,1.33969e+28,7.54406e+18,1.43192e+25,1.43192e+25,2.12572e+23,1.43632e+27,-214.091,-0.245714,-214.337,2,0.45,2.5e-08,5,4,5.9,5e+26,1e-06,1e-09,4e+12,2e-14,2e-14,4.7,5e-07,24,3.9,5.53,2.2e+24,0.0001,0.0001,1e+12,2e-14,2e-14,4.7
5.24966e-07,-0.3485,0.6985,-1.5015,-4.5015,-3.5947,-4.50001,1.73999e-10,9.42897e+25,0,1e+26,0,0,0,0,1e-09,1e-07,0,0,0.164063,0,0,0.0650983,1.58198e+26,1.10837,-215.445,-214.337,3,0.45,5e-07,24,3.9,5.53,2.2e+24,0.0001,0.0001,1e+12,2e-14,2e-14,4.7,4e-08,3.3,2.2,5.2,1e+26,1e-09,1e-07,5e+11,2e-14,2e-14,4.7
0,0.34,0,-4,-5.9,-4.05,-4.05,6.99503e+25,1.24248e-05,0,0,0,0,0,0,1e-06,1e-09,0,0,0,0,0,0,0,-213.841,6.72899e-13,-213.841,1,0.47,0,0,0,0,0,0,0,0,0,0,0,2.5e-08,5,4,5.9,5e+26,1e-06,1e-09,4e+12,2e-14,2e-14,4.7
2.48823e-08,0.0761997,0.2638,-3.6362,-5.2662,-4.03429,-4.91777,3.48042e+17,2.45457e+18,0,0,2.02893e+22,1.52415e+15,1.24185e+20,0,0.0001,0.0001,1.33969e+28,1.33969e+28,8.54293e+18,1.5241e+25,1.5241e+25,2.15908e+23,1.52807e+27,-213.597,-0.243808,-213.841,2,0.47,2.5e-08,5,4,5.9,5e+26,1e-06,1e-09,4e+12,2e-14,2e-14,4.7,5e-07,24,3.9,5.53,2.2e+24,0.0001,0.0001,1e+12,2e-14,2e-14,4.7
5.24966e-07,-0.338546,0.678546,-1.52145,-4.52145,-3.6129,-4.52001,1.86437e-10,9.44618e+25,0,1e+26,0,0,0,0,1e-09,1e-07,0,0,0.176112,0,0,0.0697516,1.69493e+26,1.10827,-214.949,-213.841,3,0.47,5e-07,24,3.9,5.53,2.2e+24,0.0001,0.0001,1e+12,2e-14,2e-14,4.7,4e-08,3.3,2.2,5.2,1e+26,1e-09,1e-07,5e+11,2e-14,2e-14,4.7
0,0.33,0,-4,-5.9,-4.05,-4.05,6.99503e+25,1.24248e-05,0,0,0,0,0,0,1e-06,1e-09,0,0,0,0,0,0,0,-213.301,7.64381e-13,-213.301,1,0.49,0,0,0,0,0,0,0,0,0,0,0,2.5e-08,5,4,5.9,5e+26,1e-06,1e-09,4e+12,2e-14,2e-14,4.7
2.48823e-08,0.0691995,0.260801,-3.6392,-5.2692,-4.03562,-4.9224,3.71645e+17,2.61762e+18,0,0,1.95723e+22,2.85667e+15,1.24327e+20,0,0.0001,0.0001,1.33969e+28,1.33969e+28,9.72824e+18,1.6272e+25,1.6272e+25,2.2045e+23,1.62965e+27,-213.059,-0.241697,-213.301,2,0.49,2.5e-08,5,4,5.9,5e+26,1e-06,1e-09,4e+12,2e-14,2e-14,4.7,5e-07,24,3.9,5.53,2.2e+24,0.0001,0.0001,1e+12,2e-14,2e-14,4.7
5.24966e-07,-0.328593,0.658593,-1.54141,-4.54141,-3.63103,-4.54001,2.00319e-10,9.46351e+25,0,1e+26,0,0,0,0,1e-09,1e-07,0,0,0.189572,0,0,0.0749454,1.821e+26,1.10816,-214.409,-213.301,3,0.49,5e-07,24,3.9,5.53,2.2e+24,0.0001,0.0001,1e+12,2e-14,2e-14,4.7,4e-08,3.3,2.2,5.2,1e+26,1e-09,1e-07,5e+11,2e-14,2e-14,4.7
0,0.32,0,-4,-5.9,-4.05,-4.05,6.99503e+25,1.24248e-05,0,0,0,0,0,0,1e-06,1e-09,0,0,0,0,0,0,0,-212.71,8.5949e-13,-212.71,1,0.51,0,0,0,0,0,0,0,0,0,0,0,2.5e-08,5,4,5.9,5e+26,1e-06,1e-09,4e+12,2e-14,2e-14,4.7
2.48823e-08,0.062189,0.257811,-3.64219,-5.27219,-4.03686,-4.9271,3.98079e+17,2.7993e+18,0,0,1.8848e+22,5.34823e+15,1.24502e+20,0,0.0001,0.0001,1.33969e+28,1.33969e+28,1.11434e+19,1.74259e+25,1.74259e+25,2.26348e+23,1.74283e+27,-212.471,-0.239345,-212.71,2,0.51,2.5e-08,5,4,5.9,5e+26,1e-06,1e-09,4e+12,2e-14,2e-14,4.7,5e-07,24,3.9,5.53,2.2e+24,0.0001,0.0001,1e+12,2e-14,2e-14,4.7
5.24966e-07,-0.31864,0.63864,-1.56136,-4.56136,-3.64908,-4.56001,2.15899e-10,9.48097e+25,0,1e+26,0,0,0,0,1e-09,1e-07,0,0,0.204693,0,0,0.0807742,1.96248e+26,1.10806,-213.819,-212.71,3,0.51,5e-07,24,3.9,5.53,2.2e+24,0.0001,0.0001,1e+12,2e-14,2e-14,4.7,4e-08,3.3,2.2,5.2,1e+26,1e-09,1e-07,5e+11,2e-14,2e-14,4.7
0,0.31,0,-4,-5.9,-4.05,-4.05,6.99503e+25,1.24248e-05,0,0,0,0,0,0,1e-06,1e-09,0,0,0,0,0,0,0,-212.062,9.65187e-13,-212.062,1,0.53,0,0,0,0,0,0,0,0,0,0,0,2.5e-08,5,4,5.9,5e+26,1e-06,1e-09,4e+12,2e-14,2e-14,4.7
2.48823e-08,0.0551693,0.254831,-3.64517,-5.27517,-4.03802,-4.93186,4.27684e+17,3.00259e+18,0,0,1.81178e+22,9.99641e+15,1.24679e+20,0,0.0001,0.0001,1.33969e+28,1.33969e+28,1.28416e+19,1.8718e+25,1.8718e+25,2.33742e+23,1.86946e+27,-211.825,-0.236713,-212.062,2,0.53,2.5e-08,5,4,5.9,5e+26,1e-06,1e-09,4e+12,2e-14,2e-14,4.7,5e-07,24,3.9,5.53,2.2e+24,0.0001,0.0001,1e+12,2e-14,2e-14,4.7
5.24966e-07,-0.308687,0.618687,-1.58131,-4.58131,-3.66704,-4.58001,2.3349e-10,9.49857e+25,0,1e+26,0,0,0,0,1e-09,1e-07,0,0,0.221782,0,0,0.0873556,2.12221e+26,1.10796,-213.17,-212.062,3,0.53,5e-07,24,3.9,5.53,2.2e+24,0.0001,0.0001,1e+12,2e-14,2e-14,4.7,4e-08,3.3,2.2,5.2,1e+26,1e-09,1e-07,5e+11,2e-14,2e-14,4.7
0,0.3,0,-4,-5.9,-4.05,-4.05,6.99503e+25,1.24248e-05,0,0,0,0,0,0,1e-06,1e-09,0,0,0,0,0,0,0,-211.348,1.07894e-12,-211.348,1,0.55,0,0,0,0,0,0,0,0,0,0,0,2.5e-08,5,4,5.9,5e+26,1e-06,1e-09,4e+12,2e-14,2e-14,4.7
2.48823e-08,0.048142,0.251858,-3.64814,-5.27814,-4.03909,-4.9367,4.60856e+17,3.23138e+18,0,0,1.73809e+22,1.86481e+16,1.24818e+20,0,0.0001,0.0001,1.33969e+28,1.33969e+28,1.4892e+19,2.01666e+25,2.01667e+25,2.42827e+23,2.01198e+27,-211.114,-0.233752,-211.348,2,0.55,2.5e-08,5,4,5.9,5e+26,1e-06,1e-09,4e+12,2e-14,2e-14,4.7,5e-07,24,3.9,5.53,2.2e+24,0.0001,0.0001,1e+12,2e-14,2e-14,4.7
5.24966e-07,-0.298734,0.598734,-1.60127,-4.60127,-3.6849,-4.60001,2.5349e-10,9.51633e+25,0,1e+26,0,0,0,0,1e-09,1e-07,0,0,0.241229,0,0,0.0948382,2.30382e+26,1.10785,-212.456,-211.348,3,0.55,5e-07,24,3.9,5.53,2.2e+24,0.0001,0.0001,1e+12,2e-14,2e-14,4.7,4e-08,3.3,2.2,5.2,1e+26,1e-09,1e-07,5e+11,2e-14,2e-14,4.7
0,0.29,0,-4,-5.9,-4.05,-4.05,6.99503e+25,1.24248e-05,0,0,0,0,0,0,1e-06,1e-09,0,0,0,0,0,0,0,-210.558,1.20842e-12,-210.558,1,0.57,0,0,0,0,0,0,0,0,0,0,0,2.5e-08,5,4,5.9,5e+26,1e-06,1e-09,4e+12,2e-14,2e-14,4.7
2.48823e-08,0.0411094,0.248891,-3.65111,-5.28111,-4.04009,-4.94163,4.98029e+17,3.49055e+18,0,0,1.66363e+22,3.4707e+16,1.24864e+20,0,0.0001,0.0001,1.33969e+28,1.33969e+28,1.73839e+19,2.17922e+25,2.17922e+25,2.5386e+23,2.1734e+27,-210.328,-0.230398,-210.558,2,0.57,2.5e-08,5,4,5.9,5e+26,1e-06,1e-09,4e+12,2e-14,2e-14,4.7,5e-07,24,3.9,5.53,2.2e+24,0.0001,0.0001,1e+12,2e-14,2e-14,4.7
5.24966e-07,-0.288782,0.578782,-1.62122,-4.62122,-3.70265,-4.62001,2.76406e-10,9.53427e+25,0,1e+26,0,0,0,0,1e-09,1e-07,0,0,0.263533,0,0,0.103412,2.5119e+26,1.10775,-211.666,-210.558,3,0.57,5e-07,24,3.9,5.53,2.2e+24,0.0001,0.0001,1e+12,2e-14,2e-14,4.7,4e-08,3.3,2.2,5.2,1e+26,1e-09,1e-07,5e+11,2e-14,2e-14,4.7
0,0.28,0,-4,-5.9,-4.05,-4.05,6.99503e+25,1.24248e-05,0,0,0,0,0,0,1e-06,1e-09,0,0,0,0,0,0,0,-209.681,1.3497e-12,-209.681,1,0.59,0,0,0,0,0,0,0,0,0,0,0,2.5e-08,5,4,5.9,5e+26,1e-06,1e-09,4e+12,2e-14,2e-14,4.7
2.48823e-08,0.0340744,0.245926,-3.65407,-5.28407,-4.04101,-4.94666,5.39731e+17,3.78632e+18,0,0,1.5883e+22,6.44226e+16,1.24763e+20,0,0.0001,0.0001,1.33969e+28,1.33969e+28,2.04359e+19,2.36196e+25,2.36196e+25,2.67164e+23,2.35762e+27,-209.454,-0.226571,-209.681,2,0.59,2.5e-08,5,4,5.9,5e+26,1e-06,1e-09,4e+12,2e-14,2e-14,4.7,5e-07,24,3.9,5.53,2.2e+24,0.0001,0.0001,1e+12,2e-14,2e-14,4.7
5.24966e-07,-0.278831,0.558831,-1.64117,-4.64117,-3.72028,-4.64001,3.02898e-10,9.55242e+25,0,1e+26,0,0,0,0,1e-09,1e-07,0,0,0.289341,0,0,0.113323,2.75242e+26,1.10766,-210.788,-209.681,3,0.59,5e-07,24,3.9,5.53,2.2e+24,0.0001,0.0001,1e+12,2e-14,2e-14,4.7,4e-08,3.3,2.2,5.2,1e+26,1e-09,1e-07,5e+11,2e-14,2e-14,4.7
0,0.27,0,-4,-5.9,-4.05,-4.05,6.99503e+25,1.24248e-05,0,0,0,0,0,0,1e-06,1e-09,0,0,0,0,0,0,0,-208.703,1.50381e-12,-208.703,1,0.61,0,0,0,0,0,0,0,0,0,0,0,2.5e-08,5,4,5.9,5e+26,1e-06,1e-09,4e+12,2e-14,2e-14,4.7
2.48823e-08,0.0270408,0.242959,-3.65704,-5.28704,-4.04186,-4.95182,5.86573e+17,4.12667e+18,0,0,1.51194e+22,1.19186e+17,1.24452e+20,0,0.0001,0.0001,1.33969e+28,1.33969e+28,2.42059e+19,2.56786e+25,2.56786e+25,2.83164e+23,2.5696e+27,-208.481,-0.222168,-208.703,2,0.61,2.5e-08,5,4,5.9,5e+26,1e-06,1e-09,4e+12,2e-14,2e-14,4.7,5e-07,24,3.9,5.53,2.2e+24,0.0001,0.0001,1e+12,2e-14,2e-14,4.7
5.24966e-07,-0.26888,0.53888,-1.66112,-4.66112,-3.73776,-4.66001,3.3383e-10,9.57082e+25,0,1e+26,0,0,0,0,1e-09,1e-07,0,0,0.319502,0,0,0.124896,3.03326e+26,1.10758,-209.811,-208.703,3,0.61,5e-07,24,3.9,5.53,2.2e+24,0.0001,0.0001,1e+12,2e-14,2e-14,4.7,4e-08,3.3,2.2,5.2,1e+26,1e-09,1e-07,5e+11,2e-14,2e-14,4.7
0,0.26,0,-4,-5.9,-4.05,-4.05,6.99503e+25,1.24248e-05,0,0,0,0,0,0,1e-06,1e-09,0,0,0,0,0,0,0,-207.609,1.66308e-12,-207.609,1,0.63,0,0,0,0,0,0,0,0,0,0,0,2.5e-08,5,4,5.9,5e+26,1e-06,1e-09,4e+12,2e-14,2e-14,4.7
2.48823e-08,0.0200133,0.239987,-3.66001,-5.29001,-4.04264,-4.95712,6.39291e+17,4.52205e+18,0,0,1.43439e+22,2.19633e+17,1.23861e+20,0,0.0001,0.0001,1.33969e+28,1.33969e+28,2.8909e+19,2.80054e+25,2.80054e+25,3.02419e+23,2.81583e+27,-207.392,-0.217055,-207.609,2,0.63,2.5e-08,5,4,5.9,5e+26,1e-06,1e-09,4e+12,2e-14,2e-14,4.7,5e-07,24,3.9,5.53,2.2e+24,0.0001,0.0001,1e+12,2e-14,2e-14,4.7
5.24966e-07,-0.258929,0.518929,-1.68107,-4.68107,-3.75507,-4.68001,3.7036e-10,9.58951e+25,0,1e+26,0,0,0,0,1e-09,1e-07,0,0,0.355157,0,0,0.138563,3.36491e+26,1.10752,-208.716,-207.609,3,0.63,5e-07,24,3.9,5.53,2.2e+24,0.0001,0.0001,1e+12,2e-14,2e-14,4.7,4e-08,3.3,2.2,5.2,1e+26,1e-09,1e-07,5e+11,2e-14,2e-14,4.7
0,0.25,0,-4,-5.9,-4.05,-4.05,6.99503e+25,1.24248e-05,0,0,0,0,0,0,1e-06,1e-09,0,0,0,0,0,0,0,-206.38,1.8386e-12,-206.38,1,0.65,0,0,0,0,0,0,0,0,0,0,0,2.5e-08,5,4,5.9,5e+26,1e-06,1e-09,4e+12,2e-14,2e-14,4.7
2.48823e-08,0.0129981,0.237002,-3.663,-5.293,-4.04337,-4.96259,6.98746e+17,4.98629e+18,0,0,1.35546e+22,4.028e+17,1.2291e+20,0,0.0001,0.0001,1.33969e+28,1.33969e+28,3.48415e+19,3.06432e+25,3.06432e+25,3.25678e+23,3.10495e+27,-206.169,-0.211053,-206.38,2,0.65,2.5e-08,5,4,5.9,5e+26,1e-06,1e-09,4e+12,2e-14,2e-14,4.7,5e-07,24,3.9,5.53,2.2e+24,0.0001,0.0001,1e+12,2e-14,2e-14,4.7
5.24966e-07,-0.24898,0.49898,-1.70102,-4.70102,-3.77218,-4.70001,4.14055e-10,9.60855e+25,0,1e+26,0,0,0,0,1e-09,1e-07,0,0,0.397846,0,0,0.15491,3.76159e+26,1.10748,-207.487,-206.38,3,0.65,5e-07,24,3.9,5.53,2.2e+24,0.0001,0.0001,1e+12,2e-14,2e-14,4.7,4e-08,3.3,2.2,5.2,1e+26,1e-09,1e-07,5e+11,2e-14,2e-14,4.7
0,0.24,0,-4,-5.9,-4.05,-4.05,6.99503e+25,1.24248e-05,0,0,0,0,0,0,1e-06,1e-09,0,0,0,0,0,0,0,-204.995,2.01974e-12,-204.995,1,0.67,0,0,0,0,0,0,0,0,0,0,0,2.5e-08,5,4,5.9,5e+26,1e-06,1e-09,4e+12,2e-14,2e-14,4.7
2.48823e-08,0.00600285,0.233997,-3.666,-5.296,-4.04404,-4.96826,7.66029e+17,5.53803e+18,0,0,1.27493e+22,7.34421e+17,1.21514e+20,0,0.0001,0.0001,1.33969e+28,1.33969e+28,4.24229e+19,3.36473e+25,3.36473e+25,3.5395e+23,3.44854e+27,-204.791,-0.203923,-204.995,2,0.67,2.5e-08,5,4,5.9,5e+26,1e-06,1e-09,4e+12,2e-14,2e-14,4.7,5e-07,24,3.9,5.53,2.2e+24,0.0001,0.0001,1e+12,2e-14,2e-14,4.7
5.24966e-07,-0.239031,0.479031,-1.72097,-4.72097,-3.78907,-4.72001,4.67066e-10,9.62801e+25,0,1e+26,0,0,0,0,1e-09,1e-07,0,0,0.449692,0,0,0.174743,4.24283e+26,1.10747,-206.103,-204.995,3,0.67,5e-07,24,3.9,5.53,2.2e+24,0.0001,0.0001,1e+12,2e-14,2e-14,4.7,4e-08,3.3,2.2,5.2,1e+26,1e-09,1e-07,5e+11,2e-14,2e-14,4.7
0,0.23,0,-4,-5.9,-4.05,-4.05,6.99503e+25,1.24248e-05,0,0,0,0,0,0,1e-06,1e-09,0,0,0,0,0,0,0,-203.432,2.19849e-12,-203.432,1,0.69,0,0,0,0,0,0,0,0,0,0,0,2.5e-08,5,4,5.9,5e+26,1e-06,1e-09,4e+12,2e-14,2e-14,4.7
2.48823e-08,-0.000963156,0.230963,-3.66904,-5.29904,-4.04465,-4.97417,8.42481e+17,6.20266e+18,0,0,1.19257e+22,1.32953e+18,1.19583e+20,0,0.0001,0.0001,1.33969e+28,1.33969e+28,5.22562e+19,3.70867e+25,3.70867e+25,3.88615e+23,3.86241e+27,-203.236,-0.195339,-203.432,2,0.69,2.5e-08,5,4,5.9,5e+26,1e-06,1e-09,4e+12,2e-14,2e-14,4.7,5e-07,24,3.9,5.53,2.2e+24,0.0001,0.0001,1e+12,2e-14,2e-14,4.7
5.24966e-07,-0.229084,0.459084,-1.74092,-4.74092,-3.80569,-4.74001,5.32387e-10,9.64799e+25,0,1e+26,0,0,0,0,1e-09,1e-07,0,0,0.513647,0,0,0.199182,4.83579e+26,1.10751,-204.539,-203.432,3,0.69,5e-07,24,3.9,5.53,2.2e+24,0.0001,0.0001,1e+12,2e-14,2e-14,4.7,4e-08,3.3,2.2,5.2,1e+26,1e-09,1e-07,5e+11,2e-14,2e-14,4.7
0,0.22,0,-4,-5.9,-4.05,-4.05,6.99503e+25,1.24248e-05,0,0,0,0,0,0,1e-06,1e-09,0,0,0,0,0,0,0,-201.665,2.34565e-12,-201.665,1,0.71,0,0,0,0,0,0,0,0,0,0,0,2.5e-08,5,4,5.9,5e+26,1e-06,1e-09,4e+12,2e-14,2e-14,4.7
2.48823e-08,-0.00788892,0.227889,-3.67211,-5.30211,-4.04522,-4.98038,9.29801e+17,7.01526e+18,0,0,1.10814e+22,2.38591e+18,1.17029e+20,0,0.0001,0.0001,1.33969e+28,1.33969e+28,6.52279e+19,4.10494e+25,4.10494e+25,4.31583e+23,4.36839e+27,-201.48,-0.184849,-201.665,2,0.71,2.5e-08,5,4,5.9,5e+26,1e-06,1e-09,4e+12,2e-14,2e-14,4.7,5e-07,24,3.9,5.53,2.2e+24,0.0001,0.0001,1e+12,2e-14,2e-14,4.7
5.24966e-07,-0.219138,0.439138,-1.76086,-4.76086,-3.822,-4.76001,6.14224e-10,9.66861e+25,0,1e+26,0,0,0,0,1e-09,1e-07,0,0,0.593869,0,0,0.2298,5.57863e+26,1.10762,-202.772,-201.665,3,0.71,5e-07,24,3.9,5.53,2.2e+24,0.0001,0.0001,1e+12,2e-14,2e-14,4.7,4e-08,3.3,2.2,5.2,1e+26,1e-09,1e-07,5e+11,2e-14,2e-14,4.7
0,0.21,0,-4,-5.9,-4.05,-4.05,6.99503e+25,1.24248e-05,0,0,0,0,0,0,1e-06,1e-09,0,0,0,0,0,0,0,-199.667,2.46356e-12,-199.667,1,0.73,0,0,0,0,0,0,0,0,0,0,0,2.5e-08,5,4,5.9,5e+26,1e-06,1e-09,4e+12,2e-14,2e-14,4.7
2.48823e-08,-0.0147615,0.224762,-3.67524,-5.30524,-4.04574,-4.98692,1.03008e+18,8.02465e+18,0,0,1.02148e+22,4.23615e+18,1.13762e+20,0,0.0001,0.0001,1.33969e+28,1.33969e+28,8.26606e+19,4.5645e+25,4.5645e+25,4.85513e+23,4.99688e+27,-199.495,-0.171826,-199.667,2,0.73,2.5e-08,5,4,5.9,5e+26,1e-06,1e-09,4e+12,2e-14,2e-14,4.7,5e-07,24,3.9,5.53,2.2e+24,0.0001,0.0001,1e+12,2e-14,2e-14,4.7
5.24966e-07,-0.209194,0.419194,-1.78081,-4.78081,-3.83796,-4.78,7.18525e-10,9.68999e+25,0,1e+26,0,0,0,0,1e-09,1e-07,0,0,0.69625,0,0,0.268822,6.52533e+26,1.10781,-200.775,-199.667,3,0.73,5e-07,24,3.9,5.53,2.2e+24,0.0001,0.0001,1e+12,2e-14,2e-14,4.7,4e-08,3.3,2.2,5.2,1e+26,1e-09,1e-07,5e+11,2e-14,2e-14,4.7
0,0.2,0,-4,-5.9,-4.05,-4.05,6.99503e+25,1.24248e-05,0,0,0,0,0,0,1e-06,1e-09,0,0,0,0,0,0,0,-197.414,2.49373e-12,-197.414,1,0.75,0,0,0,0,0,0,0,0,0,0,0,2.5e-08,5,4,5.9,5e+26,1e-06,1e-09,4e+12,2e-14,2e-14,4.7
2.48823e-08,-0.0215681,0.221568,-3.67843,-5.30843,-4.04623,-4.99386,1.14601e+18,9.29934e+18,0,0,9.32585e+21,7.42486e+18,1.09715e+20,0,0.0001,0.0001,1.33969e+28,1.33969e+28,1.06571e+20,5.10136e+25,5.10136e+25,5.54132e+23,5.79051e+27,-197.259,-0.15539,-197.414,2,0.75,2.5e-08,5,4,5.9,5e+26,1e-06,1e-09,4e+12,2e-14,2e-14,4.7,5e-07,24,3.9,5.53,2.2e+24,0.0001,0.0001,1e+12,2e-14,2e-14,4.7
5.24966e-07,-0.199253,0.399253,-1.80075,-4.80075,-3.85351,-4.8,8.53754e-10,9.7123e+25,0,1e+26,0,0,0,0,1e-09,1e-07,0,0,0.829192,0,0,0.319415,7.75268e+26,1.10811,-198.522,-197.414,3,0.75,5e-07,24,3.9,5.53,2.2e+24,0.0001,0.0001,1e+12,2e-14,2e-14,4.7,4e-08,3.3,2.2,5.2,1e+26,1e-09,1e-07,5e+11,2e-14,2e-14,4.7
0,0.19,0,-4,-5.9,-4.05,-4.05,6.99503e+25,1.24248e-05,0,0,0,0,0,0,1e-06,1e-09,0,0,0,0,0,0,0,-194.882,2.35943e-12,-194.882,1,0.77,0,0,0,0,0,0,0,0,0,0,0,2.5e-08,5,4,5.9,5e+26,1e-06,1e-09,4e+12,2e-14,2e-14,4.7
2.48823e-08,-0.0282965,0.218296,-3.6817,-5.3117,-4.04667,-5.00126,1.28085e+18,1.09358e+19,0,0,8.4167e+21,1.28158e+19,1.04844e+20,0,0.0001,0.0001,1.33969e+28,1.33969e+28,1.40071e+20,5.73278e+25,5.73278e+25,6.42685e+23,6.8093e+27,-194.747,-0.134303,-194.882,2,0.77,2.5e-08,5,4,5.9,5e+26,1e-06,1e-09,4e+12,2e-14,2e-14,4.7,5e-07,24,3.9,5.53,2.2e+24,0.0001,0.0001,1e+12,2e-14,2e-14,4.7
5.24966e-07,-0.189314,0.379314,-1.82069,-4.82069,-3.86863,-4.82,1.03197e-09,9.7357e+25,0,1e+26,0,0,0,0,1e-09,1e-07,0,0,1.0047,0,0,0.386092,9.3701e+26,1.10854,-195.99,-194.882,3,0.77,5e-07,24,3.9,5.53,2.2e+24,0.0001,0.0001,1e+12,2e-14,2e-14,4.7,4e-08,3.3,2.2,5.2,1e+26,1e-09,1e-07,5e+11,2e-14,2e-14,4.7
0,0.18,0,-4,-5.9,-4.05,-4.05,6.99503e+25,1.24248e-05,0,0,0,0,0,0,1e-06,1e-09,0,0,0,0,0,0,0,-192.048,1.89934e-12,-192.048,1,0.79,0,0,0,0,0,0,0,0,0,0,0,2.5e-08,5,4,5.9,5e+26,1e-06,1e-09,4e+12,2e-14,2e-14,4.7
2.48823e-08,-0.0349385,0.214939,-3.68506,-5.31506,-4.04707,-5.00915,1.43855e+18,1.30701e+19,0,0,7.49346e+21,2.17305e+19,9.91513e+19,0,0.0001,0.0001,1.33969e+28,1.33969e+28,1.8802e+20,6.47958e+25,6.47958e+25,7.58564e+23,8.1379e+27,-191.941,-0.106818,-192.048,2,0.79,2.5e-08,5,4,5.9,5e+26,1e-06,1e-09,4e+12,2e-14,2e-14,4.7,5e-07,24,3.9,5.53,2.2e+24,0.0001,0.0001,1e+12,2e-14,2e-14,4.7
5.24966e-07,-0.179379,0.359379,-1.84062,-4.84062,-3.88328,-4.84,1.2704e-09,9.76036e+25,0,1e+26,0,0,0,0,1e-09,1e-07,0,0,1.23996,0,0,0.475295,1.15337e+27,1.10912,-193.157,-192.048,3,0.79,5e-07,24,3.9,5.53,2.2e+24,0.0001,0.0001,1e+12,2e-14,2e-14,4.7,4e-08,3.3,2.2,5.2,1e+26,1e-09,1e-07,5e+11,2e-14,2e-14,4.7
0,0.17,0,-4,-5.9,-4.05,-4.05,6.99503e+25,1.24248e-05,0,0,0,0,0,0,1e-06,1e-09,0,0,0,0,0,0,0,-188.892,9.68725e-13,-188.892,1,0.81,0,0,0,0,0,0,0,0,0,0,0,2.5e-08,5,4,5.9,5e+26,1e-06,1e-09,4e+12,2e-14,2e-14,4.7
2.48823e-08,-0.0414915,0.211492,-3.68851,-5.31851,-4.04745,-5.01757,1.62361e+18,1.58944e+19,0,0,6.56697e+21,3.61138e+19,9.26819e+19,0,0.0001,0.0001,1.33969e+28,1.33969e+28,2.58063e+20,7.36563e+25,7.36563e+25,9.12205e+23,9.8959e+27,-188.821,-0.0704726,-188.892,2,0.81,2.5e-08,5,4,5.9,5e+26,1e-06,1e-09,4e+12,2e-14,2e-14,4.7,5e-07,24,3.9,5.53,2.2e+24,0.0001,0.0001,1e+12,2e-14,2e-14,4.7
5.24966e-07,-0.169446,0.339446,-1.86055,-4.86055,-3.89745,-4.86,1.59362e-09,9.78639e+25,0,1e+26,0,0,0,0,1e-09,1e-07,0,0,1.55958,0,0,0.596221,1.44666e+27,1.10986,-190.002,-188.892,3,0.81,5e-07,24,3.9,5.53,2.2e+24,0.0001,0.0001,1e+12,2e-14,2e-14,4.7,4e-08,3.3,2.2,5.2,1e+26,1e-09,1e-07,5e+11,2e-14,2e-14,4.7
0,0.16,0,-4,-5.9,-4.05,-4.05,6.99503e+25,1.24248e-05,0,0,0,0,0,0,1e-06,1e-09,0,0,0,0,0,0,0,-185.392,-7.73504e-13,-185.392,1,0.83,0,0,0,0,0,0,0,0,0,0,0,2.5e-08,5,4,5.9,5e+26,1e-06,1e-09,4e+12,2e-14,2e-14,4.7
2.48823e-08,-0.0479619,0.207962,-3.69204,-5.32204,-4.04778,-5.02653,1.841e+18,1.96816e+19,0,0,5.65291e+21,5.87199e+19,8.5538e+19,0,0.0001,0.0001,1.33969e+28,1.33969e+28,3.62339e+20,8.41763e+25,8.41763e+25,1.11841e+24,1.22529e+28,-185.371,-0.0217704,-185.392,2,0.83,2.5e-08,5,4,5.9,5e+26,1e-06,1e-09,4e+12,2e-14,2e-14,4.7,5e-07,24,3.9,5.53,2.2e+24,0.0001,0.0001,1e+12,2e-14,2e-14,4.7
5.24966e-07,-0.159518,0.319518,-1.88048,-4.88048,-3.91114,-4.88,2.03692e-09,9.81386e+25,0,1e+26,0,0,0,0,1e-09,1e-07,0,0,1.999,0,0,0.762071,1.84886e+27,1.11073,-186.503,-185.392,3,0.83,5e-07,24,3.9,5.53,2.2e+24,0.0001,0.0001,1e+12,2e-14,2e-14,4.7,4e-08,3.3,2.2,5.2,1e+26,1e-09,1e-07,5e+11,2e-14,2e-14,4.7
0,0.15,0,-4,-5.9,-4.05,-4.05,6.99503e+25,1.24248e-05,0,0,0,0,0,0,1e-06,1e-09,0,0,0,0,0,0,0,-181.519,-3.75298e-12,-181.519,1,0.85,0,0,0,0,0,0,0,0,0,0,0,2.5e-08,5,4,5.9,5e+26,1e-06,1e-09,4e+12,2e-14,2e-14,4.7
2.48823e-08,-0.0543649,0.204365,-3.69564,-5.32564,-4.04808,-5.03602,2.09592e+18,2.48211e+19,0,0,4.77058e+21,9.33117e+19,7.7866e+19,0,0.0001,0.0001,1.33969e+28,1.33969e+28,5.2023e+20,9.66359e+25,9.66359e+25,1.39828e+24,1.5451e+28,-181.563,0.044274,-181.519,2,0.85,2.5e-08,5,4,5.9,5e+26,1e-06,1e-09,4e+12,2e-14,2e-14,4.7,5e-07,24,3.9,5.53,2.2e+24,0.0001,0.0001,1e+12,2e-14,2e-14,4.7
5.24966e-07,-0.149593,0.299593,-1.90041,-4.90041,-3.92437,-4.9,2.65126e-09,9.84276e+25,0,1e+26,0,0,0,0,1e-09,1e-07,0,0,2.60958,0,0,0.991917,2.40619e+27,1.11169,-182.631,-181.519,3,0.85,5e-07,24,3.9,5.53,2.2e+24,0.0001,0.0001,1e+12,2e-14,2e-14,4.7,4e-08,3.3,2.2,5.2,1e+26,1e-09,1e-07,5e+11,2e-14,2e-14,4.7
0,0.14,0,-4,-5.9,-4.05,-4.05,6.99503e+25,1.24248e-05,0,0,0,0,0,0,1e-06,1e-09,0,0,0,0,0,0,0,-177.227,-8.43666e-12,-177.227,1,0.87,0,0,0,0,0,0,0,0,0,0,0,2.5e-08,5,4,5.9,5e+26,1e-06,1e-09,4e+12,2e-14,2e-14,4.7
2.48823e-08,-0.0607234,0.200723,-3.69928,-5.32928,-4.04835,-5.04602,2.39349e+18,3.18743e+19,0,0,3.94062e+21,1.44872e+20,6.98468e+19,0,0.0001,0.0001,1.33969e+28,1.33969e+28,7.62908e+20,1.11316e+26,1.11316e+26,1.78227e+24,1.98391e+28,-177.362,0.134843,-177.227,2,0.87,2.5e-08,5,4,5.9,5e+26,1e-06,1e-09,4e+12,2e-14,2e-14,4.7,5e-07,24,3.9,5.53,2.2e+24,0.0001,0.0001,1e+12,2e-14,2e-14,4.7
5.24966e-07,-0.139671,0.279671,-1.92033,-4.92033,-3.93715,-4.92,3.51111e-09,9.87301e+25,0,1e+26,0,0,0,0,1e-09,1e-07,0,0,3.46652,0,0,1.31361,3.18614e+27,1.11265,-178.34,-177.227,3,0.87,5e-07,24,3.9,5.53,2.2e+24,0.0001,0.0001,1e+12,2e-14,2e-14,4.7,4e-08,3.3,2.2,5.2,1e+26,1e-09,1e-07,5e+11,2e-14,2e-14,4.7
0,0.13,0,-4,-5.9,-4.05,-4.05,6.99503e+25,1.24248e-05,0,0,0,0,0,0,1e-06,1e-09,0,0,0,0,0,0,0,-172.454,-1.47224e-11,-172.454,1,0.89,0,0,0,0,0,0,0,0,0,0,0,2.5e-08,5,4,5.9,5e+26,1e-06,1e-09,4e+12,2e-14,2e-14,4.7
2.48823e-08,-0.0670646,0.197065,-3.70294,-5.33294,-4.04858,-5.05649,2.73861e+18,4.166e+19,0,0,3.18192e+21,2.19825e+20,6.16824e+19,0,0.0001,0.0001,1.33969e+28,1.33969e+28,1.1409e+21,1.28484e+26,1.28484e+26,2.31474e+24,2.59257e+28,-172.714,0.260403,-172.454,2,0.89,2.5e-08,5,4,5.9,5e+26,1e-06,1e-09,4e+12,2e-14,2e-14,4.7,5e-07,24,3.9,5.53,2.2e+24,0.0001,0.0001,1e+12,2e-14,2e-14,4.7
5.24966e-07,-0.129752,0.259752,-1.94025,-4.94025,-3.94951,-4.94,4.72666e-09,9.90445e+25,0,1e+26,0,0,0,0,1e-09,1e-07,0,0,4.68149,0,0,1.76838,4.28861e+27,1.11351,-173.567,-172.454,3,0.89,5e-07,24,3.9,5.53,2.2e+24,0.0001,0.0001,1e+12,2e-14,2e-14,4.7,4e-08,3.3,2.2,5.2,1e+26,1e-09,1e-07,5e+11,2e-14,2e-14,4.7
0,0.12,0,-4,-5.9,-4.05,-4.05,6.99503e+25,1.24248e-05,0,0,0,0,0,0,1e-06,1e-09,0,0,0,0,0,0,0,-167.108,-2.2378e-11,-167.108,1,0.91,0,0,0,0,0,0,0,0,0,0,0,2.5e-08,5,4,5.9,5e+26,1e-06,1e-09,4e+12,2e-14,2e-14,4.7
2.48823e-08,-0.073416,0.193416,-3.70658,-5.33658,-4.04879,-5.06738,3.13589e+18,5.53857e+19,0,0,2.50905e+21,3.26249e+20,5.35852e+19,0,0.0001,0.0001,1.33969e+28,1.33969e+28,1.73683e+21,1.48393e+26,1.48393e+26,3.06107e+24,3.44602e+28,-167.545,0.436375,-167.108,2,0.91,2.5e-08,5,4,5.9,5e+26,1e-06,1e-09,4e+12,2e-14,2e-14,4.7,5e-07,24,3.9,5.53,2.2e+24,0.0001,0.0001,1e+12,2e-14,2e-14,4.7
5.24966e-07,-0.119835,0.239835,-1.96017,-4.96017,-3.96147,-4.96,6.46363e-09,9.93691e+25,0,1e+26,0,0,0,0,1e-09,1e-07,0,0,6.42286,0,0,2.41824,5.86381e+27,1.11414,-168.222,-167.108,3,0.91,5e-07,24,3.9,5.53,2.2e+24,0.0001,0.0001,1e+12,2e-14,2e-14,4.7,4e-08,3.3,2.2,5.2,1e+26,1e-09,1e-07,5e+11,2e-14,2e-14,4.7
0,0.11,0,-4,-5.9,-4.05,-4.05,6.99503e+25,1.24248e-05,0,0,0,0,0,0,1e-06,1e-09,0,0,0,0,0,0,0,-161.072,-2.61189e-11,-161.072,1,0.93,0,0,0,0,0,0,0,0,0,0,0,2.5e-08,5,4,5.9,5e+26,1e-06,1e-09,4e+12,2e-14,2e-14,4.7
2.48823e-08,-0.0798029,0.189803,-3.7102,-5.3402,-4.04897,-5.07865,3.58956e+18,7.48481e+19,0,0,1.93057e+21,4.74029e+20,4.57633e+19,0,0.0001,0.0001,1.33969e+28,1.33969e+28,2.68672e+21,1.71265e+26,1.71265e+26,4.11846e+24,4.65567e+28,-161.758,0.685681,-161.072,2,0.93,2.5e-08,5,4,5.9,5e+26,1e-06,1e-09,4e+12,2e-14,2e-14,4.7,5e-07,24,3.9,5.53,2.2e+24,0.0001,0.0001,1e+12,2e-14,2e-14,4.7
5.24966e-07,-0.10992,0.21992,-1.98008,-4.98008,-3.97304,-4.98,8.97581e-09,9.9702e+25,0,1e+26,0,0,0,0,1e-09,1e-07,0,0,8.94906,0,0,3.35812,8.1417e+27,1.11441,-162.186,-161.072,3,0.93,5e-07,24,3.9,5.53,2.2e+24,0.0001,0.0001,1e+12,2e-14,2e-14,4.7,4e-08,3.3,2.2,5.2,1e+26,1e-09,1e-07,5e+11,2e-14,2e-14,4.7
0,0.1,0,-4,-5.9,-4.05,-4.05,6.99503e+25,1.24248e-05,0,0,0,0,0,0,1e-06,1e-09,0,0,0,0,0,0,0,-154.194,-1.60652e-11,-154.194,1,0.95,0,0,0,0,0,0,0,0,0,0,0,2.5e-08,5,4,5.9,5e+26,1e-06,1e-09,4e+12,2e-14,2e-14,4.7
2.48823e-08,-0.0862449,0.186245,-3.71376,-5.34376,-4.04912,-5.09025,4.10364e+18,1.02733e+20,0,0,1.44865e+21,6.74817e+20,3.84104e+19,0,0.0001,0.0001,1.33969e+28,1.33969e+28,4.21579e+21,1.97301e+26,1.97301e+26,5.63208e+24,6.38785e+28,-155.237,1.04254,-154.194,2,0.95,2.5e-08,5,4,5.9,5e+26,1e-06,1e-09,4e+12,2e-14,2e-14,4.7,5e-07,24,3.9,5.53,2.2e+24,0.0001,0.0001,1e+12,2e-14,2e-14,4.7
5.24966e-07,-0.100007,0.200007,-1.99999,-4.99999,-3.98421,-5,1.26591e-08,1.00042e+26,0,1e+26,0,0,0,0,1e-09,1e-07,0,0,12.6643,0,0,4.73614,1.1481e+28,1.1142,-155.308,-154.194,3,0.95,5e-07,24,3.9,5.53,2.2e+24,0.0001,0.0001,1e+12,2e-14,2e-14,4.7,4e-08,3.3,2.2,5.2,1e+26,1e-09,1e-07,5e+11,2e-14,2e-14,4.7
0,0.09,0,-4,-5.9,-4.05,-4.05,6.99503e+25,1.24248e-05,0,0,0,0,0,0,1e-06,1e-09,0,0,0,0,0,0,0,-146.289,4.0727e-11,-146.289,1,0.97,0,0,0,0,0,0,0,0,0,0,0,2.5e-08,5,4,5.9,5e+26,1e-06,1e-09,4e+12,2e-14,2e-14,4.7
2.48823e-08,-0.0927576,0.182758,-3.71724,-5.34724,-4.04926,-5.10216,4.68189e+18,1.43058e+20,0,0,1.05962e+21,9.41666e+20,3.16901e+19,0,0.0001,0.0001,1.33969e+28,1.33969e+28,6.69781e+21,2.26676e+26,2.26676e+26,7.81872e+24,8.89095e+28,-147.847,1.55806,-146.289,2,0.97,2.5e-08,5,4,5.9,5e+26,1e-06,1e-09,4e+12,2e-14,2e-14,4.7,5e-07,24,3.9,5.53,2.2e+24,0.0001,0.0001,1e+12,2e-14,2e-14,4.7
5.24966e-07,-0.0900943,0.180094,-2.01991,-5.01991,-3.99497,-5.02,1.81453e-08,1.00386e+26,0,1e+26,0,0,0,0,1e-09,1e-07,0,0,18.2154,0,0,6.78869,1.64543e+28,1.11341,-147.403,-146.289,3,0.97,5e-07,24,3.9,5.53,2.2e+24,0.0001,0.0001,1e+12,2e-14,2e-14,4.7,4e-08,3.3,2.2,5.2,1e+26,1e-09,1e-07,5e+11,2e-14,2e-14,4.7
0,0.08,0,-4,-5.9,-4.05,-4.05,6.99503e+25,1.24248e-05,0,0,0,0,0,0,1e-06,1e-09,0,0,0,0,0,0,0,-137.138,2.054e-10,-137.138,1,0.99,0,0,0,0,0,0,0,0,0,0,0,2.5e-08,5,4,5.9,5e+26,1e-06,1e-09,4e+12,2e-14,2e-14,4.7
2.48823e-08,-0.0993522,0.179352,-3.72065,-5.35065,-4.04938,-5.11431,5.32796e+18,2.01786e+20,0,0,7.55301e+20,1.28808e+21,2.57248e+19,0,0.0001,0.0001,1.33969e+28,1.33969e+28,1.07511e+22,2.59545e+26,2.59545e+26,1.09996e+25,1.25329e+29,-139.446,2.30792,-137.138,2,0.99,2.5e-08,5,4,5.9,5e+26,1e-06,1e-09,4e+12,2e-14,2e-14,4.7,5e-07,24,3.9,5.53,2.2e+24,0.0001,0.0001,1e+12,2e-14,2e-14,4.7
5.24966e-07,-0.0801827,0.160183,-2.03982,-5.03982,-4.00528,-5.04,2.64675e-08,1.00735e+26,0,1e+26,0,0,0,0,1e-09,1e-07,0,0,26.662,0,0,9.90227,2.39974e+28,1.11195,-138.25,-137.138,3,0.99,5e-07,24,3.9,5.53,2.2e+24,0.0001,0.0001,1e+12,2e-14,2e-14,4.7,4e-08,3.3,2.2,5.2,1e+26,1e-09,1e-07,5e+11,2e-14,2e-14,4.7
0,0.07,0,-4,-5.9,-4.05,-4.05,6.99503e+25,1.24248e-05,0,0,0,0,0,0,1e-06,1e-09,0,0,0,0,0,0,0,-126.487,6.22737e-10,-126.487,1,1.01,0,0,0,0,0,0,0,0,0,0,0,2.5e-08,5,4,5.9,5e+26,1e-06,1e-09,4e+12,2e-14,2e-14,4.7
2.48823e-08,-0.106037,0.176037,-3.72396,-5.35396,-4.04948,-5.12663,6.04496e+18,2.8761e+20,0,0,5.2459e+20,1.72634e+21,2.05853e+19,0,0.0001,0.0001,1.33969e+28,1.33969e+28,1.73859e+22,2.96026e+26,2.96026e+26,1.56418e+25,1.78484e+29,-129.89,3.40212,-126.487,2,1.01,2.5e-08,5,4,5.9,5e+26,1e-06,1e-09,4e+12,2e-14,2e-14,4.7,5e-07,24,3.9,5.53,2.2e+24,0.0001,0.0001,1e+12,2e-14,2e-14,4.7
5.24966e-07,-0.0702717,0.140272,-2.05973,-5.05973,-4.01511,-5.06,3.93612e-08,1.01087e+26,0,1e+26,0,0,0,0,1e-09,1e-07,0,0,39.789,0,0,14.7262,3.56825e+28,1.10973,-127.597,-126.487,3,1.01,5e-07,24,3.9,5.53,2.2e+24,0.0001,0.0001,1e+12,2e-14,2e-14,4.7,4e-08,3.3,2.2,5.2,1e+26,1e-09,1e-07,5e+11,2e-14,2e-14,4.7
0,0.06,0,-4,-5.9,-4.05,-4.05,6.99503e+25,1.24248e-05,0,0,0,0,0,0,1e-06,1e-09,0,0,0,0,0,0,0,-114.062,1.53512e-09,-114.062,1,1.03,0,0,0,0,0,0,0,0,0,0,0,2.5e-08,5,4,5.9,5e+26,1e-06,1e-09,4e+12,2e-14,2e-14,4.7
2.48823e-08,-0.11282,0.17282,-3.72718,-5.35718,-4.04958,-5.13903,6.83525e+18,4.12757e+20,0,0,3.55039e+20,2.26513e+21,1.62902e+19,0,0.0001,0.0001,1.33969e+28,1.33969e+28,2.8213e+22,3.36195e+26,3.36195e+26,2.23998e+25,2.55862e+29,-119.057,4.99469,-114.062,2,1.03,2.5e-08,5,4,5.9,5e+26,1e-06,1e-09,4e+12,2e-14,2e-14,4.7,5e-07,24,3.9,5.53,2.2e+24,0.0001,0.0001,1e+12,2e-14,2e-14,4.7
5.24966e-07,-0.0603611,0.120361,-2.07964,-5.07964,-4.02437,-5.08,5.98356e-08,1.01442e+26,0,1e+26,0,0,0,0,1e-09,1e-07,0,0,60.6983,0,0,22.3862,5.42353e+28,1.10666,-115.169,-114.062,3,1.03,5e-07,24,3.9,5.53,2.2e+24,0.0001,0.0001,1e+12,2e-14,2e-14,4.7,4e-08,3.3,2.2,5.2,1e+26,1e-09,1e-07,5e+11,2e-14,2e-14,4.7
0,0.05,0,-4,-5.9,-4.05,-4.05,6.99503e+25,1.24248e-05,0,0,0,0,0,0,1e-06,1e-09,0,0,0,0,0,0,0,-99.5893,3.36009e-09,-99.5893,1,1.05,0,0,0,0,0,0,0,0,0,0,0,2.5e-08,5,4,5.9,5e+26,1e-06,1e-09,4e+12,2e-14,2e-14,4.7
2.48823e-08,-0.119709,0.169709,-3.73029,-5.36029,-4.04966,-5.15137,7.69938e+18,5.93318e+20,0,0,2.34226e+20,2.90679e+21,1.28106e+19,0,0.0001,0.0001,1.33969e+28,1.33969e+28,4.56818e+22,3.80037e+26,3.80037e+26,3.21308e+25,3.67258e+29,-106.876,7.28712,-99.5893,2,1.05,2.5e-08,5,4,5.9,5e+26,1e-06,1e-09,4e+12,2e-14,2e-14,4.7,5e-07,24,3.9,5.53,2.2e+24,0.0001,0.0001,1e+12,2e-14,2e-14,4.7
5.24966e-07,-0.0504511,0.100451,-2.09955,-5.09955,-4.03299,-5.1,9.33015e-08,1.018e+26,0,1e+26,0,0,0,0,1e-09,1e-07,0,0,94.981,0,0,34.9068,8.45562e+28,1.1026,-100.692,-99.5892,3,1.05,5e-07,24,3.9,5.53,2.2e+24,0.0001,0.0001,1e+12,2e-14,2e-14,4.7,4e-08,3.3,2.2,5.2,1e+26,1e-09,1e-07,5e+11,2e-14,2e-14,4.7
0,0.04,0,-4,-5.9,-4.05,-4.05,6.99503e+25,1.24248e-05,0,0,0,0,0,0,1e-06,1e-09,0,0,0,0,0,0,0,-82.8506,6.56842e-09,-82.8506,1,1.07,0,0,0,0,0,0,0,0,0,0,0,2.5e-08,5,4,5.9,5e+26,1e-06,1e-09,4e+12,2e-14,2e-14,4.7
2.48823e-08,-0.126719,0.166719,-3.73328,-5.36328,-4.04974,-5.16344,8.6346e+18,8.48041e+20,0,0,1.50733e+20,3.64469e+21,1.00792e+19,0,0.0001,0.0001,1.33969e+28,1.33969e+28,7.32249e+22,4.27378e+26,4.27378e+26,4.5825e+25,5.23967e+29,-93.3624,10.5118,-82.8506,2,1.07,2.5e-08,5,4,5.9,5e+26,1e-06,1e-09,4e+12,2e-14,2e-14,4.7,5e-07,24,3.9,5.53,2.2e+24,0.0001,0.0001,1e+12,2e-14,2e-14,4.7
5.24966e-07,-0.0405422,0.0805422,-2.11946,-5.11946,-4.04084,-5.12,1.49899e-07,1.02164e+26,0,1e+26,0,0,0,0,1e-09,1e-07,0,0,153.143,0,0,56.0814,1.35828e+29,1.09743,-83.948,-82.8506,3,1.07,5e-07,24,3.9,5.53,2.2e+24,0.0001,0.0001,1e+12,2e-14,2e-14,4.7,4e-08,3.3,2.2,5.2,1e+26,1e-09,1e-07,5e+11,2e-14,2e-14,4.7
0,0.03,0,-4,-5.9,-4.05,-4.05,6.99503e+25,1.24248e-05,0,0,0,0,0,0,1e-06,1e-09,0,0,0,0,0,0,0,-63.7809,1.10375e-08,-63.7809,1,1.09,0,0,0,0,0,0,0,0,0,0,0,2.5e-08,5,4,5.9,5e+26,1e-06,1e-09,4e+12,2e-14,2e-14,4.7
2.48823e-08,-0.133869,0.163869,-3.73613,-5.36613,-4.0498,-5.17499,9.63246e+18,1.19412e+21,0,0,9.47383e+19,4.46161e+21,8.00205e+18,0,0.0001,0.0001,1.33969e+28,1.33969e+28,1.15023e+23,4.77769e+26,4.77769e+26,6.43764e+25,7.36149e+29,-78.6585,14.8776,-63.7809,2,1.09,2.5e-08,5,4,5.9,5e+26,1e-06,1e-09,4e+12,2e-14,2e-14,4.7,5e-07,24,3.9,5.53,2.2e+24,0.0001,0.0001,1e+12,2e-14,2e-14,4.7
5.24966e-07,-0.0306359,0.0606359,-2.13936,-5.13936,-4.0478,-5.14,2.49425e-07,1.02539e+26,0,1e+26,0,0,0,0,1e-09,1e-07,0,0,255.76,0,0,93.317,2.25976e+29,1.09102,-64.8719,-63.7809,3,1.09,5e-07,24,3.9,5.53,2.2e+24,0.0001,0.0001,1e+12,2e-14,2e-14,4.7,4e-08,3.3,2.2,5.2,1e+26,1e-09,1e-07,5e+11,2e-14,2e-14,4.7
0,0.02,0,-4,-5.9,-4.05,-4.05,6.99503e+25,1.24248e-05,0,0,0,0,0,0,1e-06,1e-09,0,0,0,0,0,0,0,-42.5608,1.43627e-08,-42.5608,1,1.11,0,0,0,0,0,0,0,0,0,0,0,2.5e-08,5,4,5.9,5e+26,1e-06,1e-09,4e+12,2e-14,2e-14,4.7
2.48823e-08,-0.141191,0.161191,-3.73881,-5.36881,-4.04987,-5.18574,1.06763e+19,1.64008e+21,0,0,5.82578e+19,5.33021e+21,6.46753e+18,0,0.0001,0.0001,1.33969e+28,1.33969e+28,1.75101e+23,5.30365e+26,5.30365e+26,8.8204e+25,1.00849e+30,-63.0418,20.481,-42.5608,2,1.11,2.5e-08,5,4,5.9,5e+26,1e-06,1e-09,4e+12,2e-14,2e-14,4.7,5e-07,24,3.9,5.53,2.2e+24,0.0001,0.0001,1e+12,2e-14,2e-14,4.7
5.24966e-07,-0.0207351,0.0407351,-2.15926,-5.15926,-4.05377,-5.16,4.31596e-07,1.02938e+26,0,1e+26,0,0,0,0,1e-09,1e-07,0,0,444.278,0,0,161.471,3.90953e+29,1.08333,-43.6441,-42.5608,3,1.11,5e-07,24,3.9,5.53,2.2e+24,0.0001,0.0001,1e+12,2e-14,2e-14,4.7,4e-08,3.3,2.2,5.2,1e+26,1e-09,1e-07,5e+11,2e-14,2e-14,4.7
0,0.01,0,-4,-5.9,-4.05,-4.05,6.99503e+25,1.24248e-05,0,0,0,0,0,0,1e-06,1e-09,0,0,0,0,0,0,0,-19.5379,5.89397e-09,-19.5379,1,1.13,0,0,0,0,0,0,0,0,0,0,0,2.5e-08,5,4,5.9,5e+26,1e-06,1e-09,4e+12,2e-14,2e-14,4.7
2.48823e-08,-0.148715,0.158715,-3.74128,-5.37128,-4.04992,-5.19546,1.17426e+19,2.18164e+21,0,0,3.51381e+19,6.21748e+21,5.35364e+18,0,0.0001,0.0001,1.33969e+28,1.33969e+28,2.56181e+23,5.83986e+26,5.83986e+26,1.17037e+26,1.33777e+30,-46.7938,27.2559,-19.5379,2,1.13,2.5e-08,5,4,5.9,5e+26,1e-06,1e-09,4e+12,2e-14,2e-14,4.7,5e-07,24,3.9,5.53,2.2e+24,0.0001,0.0001,1e+12,2e-14,2e-14,4.7
5.24966e-07,-0.0108448,0.0208448,-2.17916,-5.17916,-4.05877,-5.18,7.75308e-07,1.03381e+26,0,1e+26,0,0,0,0,1e-09,1e-07,0,0,801.521,0,0,290.061,7.02162e+29,1.07455,-20.6125,-19.5379,3,1.13,5e-07,24,3.9,5.53,2.2e+24,0.0001,0.0001,1e+12,2e-14,2e-14,4.7,4e-08,3.3,2.2,5.2,1e+26,1e-09,1e-07,5e+11,2e-14,2e-14,4.7
0,-1.6263e-19,0,-4,-5.9,-4.05,-4.05,6.99503e+25,1.24248e-05,0,0,0,0,0,0,1e-06,1e-09,0,0,0,0,0,0,0,5.26799,-4.80365e-08,5.26799,1,1.15,0,0,0,0,0,0,0,0,0,0,0,2.5e-08,5,4,5.9,5e+26,1e-06,1e-09,4e+12,2e-14,2e-14,4.7
2.48823e-08,-0.156447,0.156447,-3.74355,-5.37355,-4.04997,-5.20418,1.28123e+19,2.81117e+21,0,0,2.08638e+19,7.09498e+21,4.53695e+18,0,0.0001,0.0001,1.33969e+28,1.33969e+28,3.60175e+23,6.37707e+26,6.37707e+26,1.50429e+26,1.71881e+30,-29.8273,35.0953,5.26799,2,1.15,2.5e-08,5,4,5.9,5e+26,1e-06,1e-09,4e+12,2e-14,2e-14,4.7,5e-07,24,3.9,5.53,2.2e+24,0.0001,0.0001,1e+12,2e-14,2e-14,4.7
5.24966e-07,-0.000972568,0.000972568,-2.19903,-5.19903,-4.06314,-5.2,1.42622e-06,1.03899e+26,0,1e+26,0,0,0,0,1e-09,1e-07,0,0,1481.83,0,0,533.574,1.29137e+30,1.06518,4.20279,5.26797,3,1.15,5e-07,24,3.9,5.53,2.2e+24,0.0001,0.0001,1e+12,2e-14,2e-14,4.7,4e-08,3.3,2.2,5.2,1e+26,1e-09,1e-07,5e+11,2e-14,2e-14,4.7
0,-0.01,0,-4,-5.9,-4.05,-4.05,6.99503e+25,1.24248e-05,0,0,0,0,0,0,1e-06,1e-09,0,0,0,0,0,0,0,32.8887,-2.42076e-07,32.8887,1,1.17,0,0,0,0,0,0,0,0,0,0,0,2.5e-08,5,4,5.9,5e+26,1e-06,1e-09,4e+12,2e-14,2e-14,4.7
2.48823e-08,-0.164343,0.154343,-3.74566,-5.37566,-4.05003,-5.21215,1.38904e+19,3.54122e+21,0,0,1.2254e+19,7.95211e+21,3.90717e+18,0,0.0001,0.0001,1.33969e+28,1.33969e+28,4.9189e+23,6.91807e+26,6.91807e+26,1.88993e+26,2.15858e+30,-11.2542,44.1429,32.8887,2,1.17,2.5e-08,5,4,5.9,5e+26,1e-06,1e-09,4e+12,2e-14,2e-14,4.7,5e-07,24,3.9,5.53,2.2e+24,0.0001,0.0001,1e+12,2e-14,2e-14,4.7
5.24966e-07,0.00887285,-0.0188729,-2.21887,-5.21887,-4.06759,-5.22,2.61407e-06,1.0453e+26,0,1e+26,0,0,0,0,1e-09,1e-07,0,0,2732.49,0,0,977.941,2.36622e+30,1.0559,31.8327,32.8886,3,1.17,5e-07,24,3.9,5.53,2.2e+24,0.0001,0.0001,1e+12,2e-14,2e-14,4.7,4e-08,3.3,2.2,5.2,1e+26,1e-09,1e-07,5e+11,2e-14,2e-14,4.7
0,-0.02,0,-4,-5.9,-4.05,-4.05,6.99503e+25,1.24248e-05,0,0,0,0,0,0,1e-06,1e-09,0,0,0,0,0,0,0,65.4759,-8.31853e-07,65.4759,1,1.19,0,0,0,0,0,0,0,0,0,0,0,2.5e-08,5,4,5.9,5e+26,1e-06,1e-09,4e+12,2e-14,2e-14,4.7
2.48823e-08,-0.172312,0.152312,-3.74769,-5.37769,-4.05008,-5.21981,1.50141e+19,4.41892e+21,0,0,7.14855e+18,8.80194e+21,3.38617e+18,0,0.0001,0.0001,1.33969e+28,1.33969e+28,6.63459e+23,7.48161e+26,7.48161e+26,2.35133e+26,2.68451e+30,10.5129,54.963,65.4759,2,1.19,2.5e-08,5,4,5.9,5e+26,1e-06,1e-09,4e+12,2e-14,2e-14,4.7,5e-07,24,3.9,5.53,2.2e+24,0.0001,0.0001,1e+12,2e-14,2e-14,4.7
5.24966e-07,0.0186858,-0.0386858,-2.23869,-5.23869,-4.07292,-5.24,4.62039e-06,1.05299e+26,0,1e+26,0,0,0,0,1e-09,1e-07,0,0,4865.23,0,0,1728.44,4.18081e+30,1.04717,64.4287,65.4759,3,1.19,5e-07,24,3.9,5.53,2.2e+24,0.0001,0.0001,1e+12,2e-14,2e-14,4.7,4e-08,3.3,2.2,5.2,1e+26,1e-09,1e-07,5e+11,2e-14,2e-14,4.7
0,-0.03,0,-4,-5.9,-4.05,-4.05,6.99503e+25,1.24248e-05,0,0,0,0,0,0,1e-06,1e-09,0,0,0,0,0,0,0,105.288,-2.48409e-06,105.288,1,1.21,0,0,0,0,0,0,0,0,0,0,0,2.5e-08,5,4,5.9,5e+26,1e-06,1e-09,4e+12,2e-14,2e-14,4.7
2.48823e-08,-0.180263,0.150263,-3.74974,-5.37974,-4.05014,-5.22747,1.62368e+19,5.5108e+21,0,0,4.14682e+18,9.67103e+21,2.93771e+18,0,0.0001,0.0001,1.33969e+28,1.33969e+28,8.94779e+23,8.09456e+26,8.09456e+26,2.92222e+26,3.33495e+30,36.9433,68.3445,105.288,2,1.21,2.5e-08,5,4,5.9,5e+26,1e-06,1e-09,4e+12,2e-14,2e-14,4.7,5e-07,24,3.9,5.53,2.2e+24,0.0001,0.0001,1e+12,2e-14,2e-14,4.7
5.24966e-07,0.0284679,-0.0584679,-2.25847,-5.25847,-4.07976,-5.26,7.68589e-06,1.06201e+26,0,1e+26,0,0,0,0,1e-09,1e-07,0,0,8162.51,0,0,2875.02,6.9516e+30,1.03899,104.249,105.288,3,1.21,5e-07,24,3.9,5.53,2.2e+24,0.0001,0.0001,1e+12,2e-14,2e-14,4.7,4e-08,3.3,2.2,5.2,1e+26,1e-09,1e-07,5e+11,2e-14,2e-14,4.7
0,-0.04,0,-4,-5.9,-4.05,-4.05,6.99503e+25,1.24248e-05,0,0,0,0,0,0,1e-06,1e-09,0,0,0,0,0,0,0,153.508,-6.88016e-06,153.508,1,1.23,0,0,0,0,0,0,0,0,0,0,0,2.5e-08,5,4,5.9,5e+26,1e-06,1e-09,4e+12,2e-14,2e-14,4.7
2.48823e-08,-0.18815,0.14815,-3.75185,-5.38185,-4.0502,-5.23518,1.75996e+19,6.8683e+21,0,0,2.38759e+18,1.05808e+22,2.55589e+18,0,0.0001,0.0001,1.33969e+28,1.33969e+28,1.20879e+24,8.77729e+26,8.77729e+26,3.62797e+26,4.13849e+30,68.6324,84.8757,153.508,2,1.23,2.5e-08,5,4,5.9,5e+26,1e-06,1e-09,4e+12,2e-14,2e-14,4.7,5e-07,24,3.9,5.53,2.2e+24,0.0001,0.0001,1e+12,2e-14,2e-14,4.7
5.24966e-07,0.0382276,-0.0782276,-2.27823,-5.27823,-4.08837,-5.28,1.19185e-05,1.07205e+26,0,1e+26,0,0,0,0,1e-09,1e-07,0,0,12777.3,0,0,4457.88,1.07744e+31,1.031,152.477,153.508,3,1.23,5e-07,24,3.9,5.53,2.2e+24,0.0001,0.0001,1e+12,2e-14,2e-14,4.7,4e-08,3.3,2.2,5.2,1e+26,1e-09,1e-07,5e+11,2e-14,2e-14,4.7
0,-0.05,0,-4,-5.9,-4.05,-4.05,6.99503e+25,1.24248e-05,0,0,0,0,0,0,1e-06,1e-09,0,0,0,0,0,0,0,209.855,-1.81567e-05,209.855,1,1.25,0,0,0,0,0,0,0,0,0,0,0,2.5e-08,5,4,5.9,5e+26,1e-06,1e-09,4e+12,2e-14,2e-14,4.7
2.48823e-08,-0.195987,0.145987,-3.75401,-5.38401,-4.05027,-5.24276,1.91112e+19,8.4989e+21,0,0,1.35996e+18,1.15364e+22,2.24363e+18,0,0.0001,0.0001,1.33969e+28,1.33969e+28,1.62424e+24,9.53418e+26,9.53418e+26,4.47104e+26,5.09737e+30,105.253,104.603,209.855,2,1.25,2.5e-08,5,4,5.9,5e+26,1e-06,1e-09,4e+12,2e-14,2e-14,4.7,5e-07,24,3.9,5.53,2.2e+24,0.0001,0.0001,1e+12,2e-14,2e-14,4.7
5.24966e-07,0.047976,-0.097976,-2.29798,-5.29798,-4.09869,-5.29999,1.72671e-05,1.08266e+26,0,1e+26,0,0,0,0,1e-09,1e-07,0,0,18694.3,0,0,6457.64,1.5601e+31,1.02278,208.832,209.855,3,1.25,5e-07,24,3.9,5.53,2.2e+24,0.0001,0.0001,1e+12,2e-14,2e-14,4.7,4e-08,3.3,2.2,5.2,1e+26,1e-09,1e-07,5e+11,2e-14,2e-14,4.7
